Timestamp,Close,High,Low,Open,Volume,symbol
2011-06-24,12.290377616882324,12.91726986455224,12.15510102768611,12.785292151790337,1675400,MPC
2011-06-27,12.422356605529785,12.52133927095123,12.072616511832274,12.10561031409513,895200,MPC
2011-06-28,12.76879596710205,13.194422793019777,12.438852925361083,12.650016270694051,4151800,MPC
2011-06-29,13.220820426940918,13.517769731863293,12.768798714899605,12.867781396996033,3695200,MPC
2011-06-30,13.659636497497559,13.857601733088774,13.257105758678842,13.418777074064138,3025600,MPC
2011-07-01,13.923600196838379,15.649202598241608,13.527668193118052,13.593657070176963,8334200,MPC
2011-07-05,13.926898002624512,14.187553354701423,13.742130671437272,13.926898002624512,11823000,MPC
2011-07-06,13.821310997009277,13.940090669181142,13.53096082710389,13.7256272323561,10983000,MPC
2011-07-07,13.785024642944336,14.273340362364216,13.761928722735055,13.92030128644151,16707600,MPC
2011-07-08,13.662941932678223,14.05557371718927,13.369292813487375,13.461676466635181,16417000,MPC
2011-07-11,13.230716705322266,13.458378230898592,13.036050242179504,13.458378230898592,9495200,MPC
2011-07-12,13.356095314025879,13.524366984452747,13.012954219373338,13.15153096317387,8011200,MPC
2011-07-13,13.184530258178711,13.606858419282714,12.94697200485575,13.369298907326304,11642800,MPC
2011-07-14,12.748998641967773,13.204320381647419,12.607123036550439,13.18782348166157,11528400,MPC
2011-07-15,12.920571327209473,13.022854138004838,12.57083119942825,12.867780483264475,9938400,MPC
2011-07-18,12.907373428344727,13.062447084608266,12.455351743961257,12.778695823629455,8311600,MPC
2011-07-19,13.11193561553955,13.177923209850018,12.91067018044765,12.953561865022916,6423000,MPC
2011-07-20,13.042649269104004,13.177925878649031,12.999757575842294,13.128435172893301,5449000,MPC
2011-07-21,13.230716705322266,13.276909792729258,12.90407376834405,13.042649254666216,7249200,MPC
2011-07-22,13.385790824890137,13.468276595937592,13.168028439670179,13.290107028403176,6645600,MPC
2011-07-25,13.649742126464844,13.89719938677815,13.412184012434313,13.610149317231873,8898600,MPC
2011-07-26,14.204051971435547,14.425114530443247,13.61675358308949,13.65634640760087,11324200,MPC
2011-07-27,13.877406120300293,14.286534826481505,13.847711193349,14.194151168692123,6998400,MPC
2011-07-28,14.114968299865723,14.16775915630909,13.920301780737063,13.999488694718764,6654600,MPC
2011-07-29,14.448205947875977,14.718759138566018,13.84770971891683,13.973087167243468,10709600,MPC
2011-08-01,14.837536811828613,14.972813388739638,14.514192829422573,14.860632720669571,11518400,MPC
2011-08-02,13.966492652893066,14.814446357193805,13.940096599566568,14.692366498508397,10995600,MPC
2011-08-03,13.669537544250488,14.979411556738535,12.87437502546764,14.279931544070111,13413800,MPC
2011-08-04,12.676412582397461,13.431982540824905,12.283780768665554,13.431982540824905,15377800,MPC
2011-08-05,12.310173034667969,12.940364076008006,11.033292796084828,12.838081299118885,12348600,MPC
2011-08-08,10.667059898376465,11.877950343098549,9.726721407701419,11.627194167431615,16543000,MPC
2011-08-09,11.910943031311035,12.013225825022078,10.696752564749717,10.911216040435429,12054200,MPC
2011-08-10,11.58759880065918,12.155101212057522,11.257655772382517,11.729474403508764,9682600,MPC
2011-08-11,12.320075035095215,12.735802774836726,11.689883783328261,11.844957438443057,8756400,MPC
2011-08-12,12.343169212341309,12.90737151489905,12.174898813881795,12.402559060887683,5906800,MPC
2011-08-15,12.970113754272461,13.152558829077703,12.56873712049681,12.56873712049681,5365400,MPC
2011-08-16,12.890501022338867,13.082895898957018,12.645030300697455,12.724642802834554,6532400,MPC
2011-08-17,12.970113754272461,13.255390127170179,12.873916937572716,13.145924347684971,5627600,MPC
2011-08-18,12.144142150878906,12.774402787487862,11.746082068842762,12.641716937074557,7501400,MPC
2011-08-19,11.606759071350098,12.164041539778726,11.490657555320853,11.868814103546415,9878600,MPC
2011-08-22,10.804006576538086,11.94179430149578,10.731028539768234,11.882085228756456,10774000,MPC
2011-08-23,11.361288070678711,11.510560721767188,10.631511649555556,10.823907792157991,10360000,MPC
2011-08-24,11.885400772094727,11.95174304844354,11.18216100113747,11.411046156893423,6723400,MPC
2011-08-25,11.404413223266602,12.240338925718403,11.251822676930065,12.00481925729813,6376000,MPC
2011-08-26,11.566951751708984,12.193895612347676,11.301578856385435,11.41104588749265,5880400,MPC
2011-08-29,11.941787719726562,12.061205799387405,11.623340350895887,11.699634953924233,4175000,MPC
2011-08-30,11.951741218566895,12.067842715197164,11.527144641033058,11.905301126073834,4385200,MPC
2011-08-31,12.293411254882812,12.422780459104073,12.110966207496162,12.110966207496162,5731000,MPC
2011-09-01,12.276824951171875,12.6782028073518,12.243653813159295,12.416146514699882,4515400,MPC
2011-09-02,11.749393463134766,12.270189339065768,11.649878803138114,11.88539839245384,3594200,MPC
2011-09-06,11.610077857971191,11.742764968221516,11.042842929177278,11.354655993248057,5723400,MPC
2011-09-07,12.03799057006836,12.25028890082263,11.693005149893738,11.802472188475207,5212200,MPC
2011-09-08,12.515660285949707,12.654981839367991,11.799152874449463,11.994865611476728,4086600,MPC
2011-09-09,12.057894706726074,12.53224942018422,11.918574379057675,12.147458316826361,5889000,MPC
2011-09-12,12.160723686218262,12.233701702223089,11.573585481610131,11.72285812098469,3919200,MPC
2011-09-13,11.722859382629395,12.150773906423838,11.424314071750054,12.074479274843082,7147000,MPC
2011-09-14,11.620026588439941,11.712908052911102,11.430948317241867,11.689688003142765,7640600,MPC
2011-09-15,11.749393463134766,12.260236987287813,11.686367807062982,11.901983958220358,6081400,MPC
2011-09-16,11.64324951171875,11.832327829580645,11.563638254407488,11.785887718582723,7195400,MPC
2011-09-19,11.129088401794434,11.464122777821887,10.97981572264349,11.338070152605752,5096200,MPC
2011-09-20,11.17552661895752,11.354653803633417,11.112500949711327,11.135720999717703,3859200,MPC
2011-09-21,10.747615814208984,11.430951039372172,10.727712367354462,11.062745497651216,4013000,MPC
2011-10-06,11.042840957641602,11.062743134847267,10.316381752785635,10.45570268751556,7978400,MPC
2011-10-10,10.93669319152832,11.102551438216233,10.641465714887516,10.707808001244281,5005200,MPC
2011-10-11,10.9964017868042,11.148991063473602,10.75756551695787,10.840494636721408,6615000,MPC
2011-10-12,11.135719299316406,11.321480936399826,11.039521240894762,11.085961333816211,7544200,MPC
2011-10-13,11.202065467834473,11.24187109036399,10.890252438123728,11.05611067496096,6341200,MPC
2011-10-14,11.988235473632812,12.00813892144416,11.394462567275028,11.421000497690159,6739600,MPC
2011-10-17,11.59017562866211,12.101019411741662,11.560321088991275,11.955064587461017,4717600,MPC
2011-10-18,12.004820823669434,12.12092236897421,11.334753277955677,11.527149473684544,4533600,MPC
2011-10-19,11.809106826782227,12.293413875734565,11.759350111303588,12.004819611286784,6033800,MPC
2011-10-20,12.10433578491211,12.160726983187898,11.70627572712534,11.80910703348661,4675400,MPC
2011-10-21,12.389606475830078,12.499073490290703,12.107648054688157,12.24033511487117,6436200,MPC
2011-10-24,11.892034530639648,12.761132562964963,11.789203238362969,12.45595276314901,6574200,MPC
2011-10-25,10.93669319152832,11.493977001631547,10.419215006318753,11.493977001631547,18550600,MPC
2011-10-26,11.520514488220215,11.59349252691711,11.012988621932399,11.218652508244089,7477000,MPC
2011-10-27,12.382976531982422,12.512345753858177,11.699640142748887,11.699640142748887,7724200,MPC
2011-10-28,12.379663467407227,12.479178194782842,12.028043414255077,12.3332233456585,7260000,MPC
2011-10-31,11.908622741699219,12.276826990225873,11.74939770967935,12.276826990225873,6581200,MPC
2011-11-01,11.941787719726562,12.645025975576976,11.374553106734917,11.775929556952581,13188600,MPC
2011-11-02,12.714693069458008,12.747864210734441,12.19058043258446,12.240338409897037,9171400,MPC
2011-11-03,12.827471733093262,13.119382500117947,12.638393498817543,12.936938745251604,7802600,MPC
2011-11-04,12.810892105102539,12.844064517524789,12.436053335217226,12.671571769123533,5657600,MPC
2011-11-07,12.910402297973633,12.953525786347102,12.648347291144594,12.648347291144594,4111000,MPC
2011-11-08,12.64171028137207,13.082892368181673,12.512341107536153,12.946888715508342,5019200,MPC
2011-11-09,12.280142784118652,12.93362457709494,12.120919044462065,12.280142784118652,6974000,MPC
2011-11-10,12.505709648132324,12.568735314208762,11.94179146477188,12.50239177521381,6920800,MPC
2011-11-11,12.528934478759766,12.996654772357388,12.485810972144881,12.694792756849678,8037200,MPC
2011-11-14,12.258451461791992,12.56566475360613,11.81098953754911,12.56566475360613,8146400,MPC
2011-11-15,12.348612785339355,12.462147947135906,12.101507669201334,12.19166678331275,5613800,MPC
2011-11-16,10.899370193481445,11.707473685574188,10.752442864841678,11.600617214958064,24769400,MPC
2011-11-17,10.558762550354004,11.129777539420923,10.431870047488184,10.926082048297422,15642000,MPC
2011-11-18,10.959474563598633,11.002885392742371,10.55542354862111,10.635565882908024,6335800,MPC
2011-11-21,10.966154098510742,11.123100072590235,10.451906617601711,10.795852023056147,6564600,MPC
2011-11-22,11.193224906921387,11.20324230188014,10.762459090082391,11.049636301308388,6095600,MPC
2011-11-23,10.96281623840332,11.163171786629029,10.849281088054218,11.012904488544994,8240200,MPC
2011-11-25,10.7758150100708,10.926082283297927,10.749100262017402,10.899367535244528,2732200,MPC
2011-11-28,11.113080978393555,11.416954246589336,10.909385472733755,11.226616115622164,7631000,MPC
2011-11-29,11.076348304748535,11.223276871676168,10.946117092302172,11.189883436542933,7627400,MPC
2011-11-30,11.149813652038574,11.53048993207344,10.835922974813029,11.390241312620352,12317400,MPC
2011-12-01,11.336812973022461,11.46370548972231,11.139796147289568,11.326794304711019,5997200,MPC
2011-12-02,11.123100280761719,11.610633020386015,11.062993365045909,11.493757895903302,7471200,MPC
2011-12-05,11.487079620361328,11.837702419850432,11.306758886739729,11.363525817419118,9112200,MPC
2011-12-06,11.567220687866211,11.613970222068396,11.353507803610924,11.543845920765119,5930600,MPC
2011-12-07,11.520474433898926,11.553866603885622,11.290065403799616,11.507117056372396,8031400,MPC
2011-12-08,11.360186576843262,11.543846008532169,11.183205832066768,11.46370431324176,9874800,MPC
2011-12-09,11.647367477416992,11.657384874081123,11.286725911552015,11.363528924912957,6378600,MPC
2011-12-12,11.550529479980469,11.55052947998047,11.320120418292394,11.493761254624685,10916400,MPC
2011-12-13,11.336812973022461,11.65070364714376,11.169849604565073,11.390241199975648,7383400,MPC
2011-12-14,10.912725448608398,11.300080397721759,10.695672568349716,11.24331219221729,7003800,MPC
2011-12-15,10.86263370513916,11.109739990906649,10.795849393044959,11.022918347057624,3495800,MPC
2011-12-16,10.6722993850708,11.10306522899762,10.61553244496223,10.969494009944023,8456800,MPC
2011-12-19,10.665621757507324,10.959477049890692,10.592157456725381,10.685657186395671,6274600,MPC
2011-12-20,10.752439498901367,11.006223218712881,10.622207658805248,10.90938417445973,6291000,MPC
2011-12-21,10.90938663482666,10.969493553516848,10.685656317125014,10.702352400354622,4308800,MPC
2011-12-22,11.123100280761719,11.156492445568531,10.909386094978041,10.996207761602848,3693000,MPC
2011-12-23,11.196563720703125,11.213261077566187,11.089707260692839,11.126439407664403,1841000,MPC
2011-12-27,11.236634254455566,11.346829405907565,11.149812596871032,11.203240819296399,1539800,MPC
2011-12-28,11.066332817077637,11.300081807951665,10.93276287502785,11.216600116484477,3285000,MPC
2011-12-29,11.113080978393555,11.13979572777881,10.972832365609055,11.136455747190972,2127000,MPC
2011-12-30,11.116421699523926,11.186546010587648,11.022921344276185,11.129779075106383,2165600,MPC
2012-01-03,11.156493186950684,11.670740711657256,11.139797103437774,11.537169495894933,5043200,MPC
2012-01-04,11.273368835449219,11.316779678539534,11.089709339985191,11.119762804612376,5791400,MPC
2012-01-05,10.658944129943848,11.062995913721199,10.351731429777093,11.039621138205499,12392000,MPC
2012-01-06,10.572118759155273,10.695671275500787,10.39513738743527,10.67563585280698,7554600,MPC
2012-01-10,10.628888130187988,10.645584212455821,10.341710929395338,10.52203167507855,6008800,MPC
2012-01-11,10.982847213745117,11.046294091912593,10.375100818237177,10.542064141702635,11263400,MPC
2012-01-12,10.899370193481445,11.129780493234017,10.852620646815591,11.002887956691268,5585800,MPC
2012-01-13,11.029601097106934,11.119761480250398,10.795853370990068,10.852620311952858,6199600,MPC
2012-01-17,11.199901580810547,11.336811473888014,10.999544800858413,11.163169440794528,4440600,MPC
2012-01-18,11.841044425964355,11.97127567859144,11.086370392721145,11.166512114108722,7981200,MPC
2012-01-19,11.971270561218262,12.051413522176727,11.714148147334987,11.911163658956701,6292800,MPC
2012-01-20,12.412055015563965,12.615750509461968,12.2751451174434,12.442108469972347,9676800,MPC
2012-01-23,12.645807266235352,12.692556813339092,12.358630021078525,12.412058256887033,5406600,MPC
2012-01-24,13.036502838134766,13.036502838134767,12.395362706936009,12.51557656115013,7422000,MPC
2012-01-25,12.942999839782715,12.973053297238062,12.669180015780412,12.942999839782715,10327400,MPC
2012-01-26,12.525591850280762,13.019804561971384,12.472163621156026,13.016464581122015,6187600,MPC
2012-01-27,12.532271385192871,12.709253441117019,12.425414919721087,12.488861821852772,6156600,MPC
2012-01-30,12.515576362609863,12.569004599876397,12.321899480204799,12.348612961923237,3700400,MPC
2012-01-31,12.762679100036621,12.939659846439975,12.448787181414168,12.939659846439975,10394400,MPC
2012-02-01,13.984851837158203,14.519134096699457,13.580799524936408,13.924744923731138,22295000,MPC
2012-02-02,14.211919784545898,14.355508357085832,13.694332417849814,13.841260970493009,7455400,MPC
2012-02-03,14.68609619140625,14.786273947174267,14.358848176521779,14.395580317530216,10732600,MPC
2012-02-06,14.833023071289062,15.040058537822315,14.612631505164341,14.762898771574205,10961600,MPC
2012-02-07,14.66606330871582,15.023366128966986,14.425636897540342,14.792955839560648,11722200,MPC
2012-02-08,15.010007858276367,15.166952566569542,14.729509333753693,14.742866709642744,15936400,MPC
2012-02-09,14.973278045654297,15.106849277708033,14.636012531771645,14.94656328971168,7108000,MPC
2012-02-10,14.719487190246582,14.94989611777016,14.622648157035446,14.816324949628655,7004800,MPC
2012-02-13,14.519128799438477,14.899804929701737,14.40225499587657,14.76289507103111,8935200,MPC
2012-02-14,14.78445816040039,14.999406913252354,14.465393044862672,14.475468367278975,1749600,MPC
2012-02-15,14.676985740661621,15.11695862743758,14.593021292810235,14.91544446507257,8360600,MPC
2012-02-16,14.80797290802002,14.942316562768996,14.629968654494267,14.650119305869381,6863600,MPC
2012-02-17,14.589662551879883,14.945672285529747,14.529208044633757,14.878500468456735,7105000,MPC
2012-02-21,14.713930130004883,14.794535281526477,14.535924631436115,14.603096445167964,6473600,MPC
2012-02-22,14.616537094116211,14.918808458816057,14.603102469588313,14.737446152474675,7642400,MPC
2012-02-23,14.67363166809082,14.891939822685572,14.542647287812471,14.576233847625032,5967200,MPC
2012-02-24,14.394865989685059,14.777743689372926,14.37135604540218,14.734081815192207,5858400,MPC
2012-02-27,14.310906410217285,14.488910700745372,14.166487399759902,14.314264425745831,9289800,MPC
2012-02-28,13.99519157409668,14.304181364723126,13.874283862490453,14.28738873376634,15318400,MPC
2012-02-29,13.9548921585083,14.253805413183027,13.917947593333508,14.005271343964091,10255600,MPC
2012-03-01,14.347845077514648,14.381430343752468,13.961608109800805,13.961608109800805,10728800,MPC
2012-03-02,14.166478157043457,14.478825926460136,14.095948346193362,14.284027841793616,5396600,MPC
2012-03-05,14.357921600341797,14.401583475054293,14.005271150607667,14.19671000278322,4690800,MPC
2012-03-06,14.102672576904297,14.34784866916267,14.03550074641798,14.193353074685309,5533200,MPC
2012-03-07,14.290750503540039,14.52920925690949,14.045574439783229,14.045574439783229,5973600,MPC
2012-03-08,14.656839370727539,14.720653195262056,14.290754188005497,14.475475787097254,11870200,MPC
2012-03-09,14.744155883789062,14.777741146644084,14.488903273786555,14.66690747307034,5795400,MPC
2012-03-12,14.703852653503418,14.740797212925601,14.458676636932951,14.693777330459444,6024400,MPC
2012-03-13,14.791176795959473,14.885216563469395,14.653475158736056,14.747514926245977,8265600,MPC
2012-03-14,14.747516632080078,14.902010919772541,14.673627502663729,14.814688451440768,5444800,MPC
2012-03-15,14.744155883789062,14.918800788069955,14.609812269977674,14.791175764264354,5544400,MPC
2012-03-16,14.841557502746582,14.912088622923855,14.646760621579793,14.858351419719638,7662200,MPC
2012-03-19,14.962465286254883,15.096808923693898,14.807971000037128,14.814688310028666,3862800,MPC
2012-03-20,14.707215309143066,14.888578852549134,14.666911445366607,14.888578852549134,4488800,MPC
2012-03-21,14.670267105102539,14.784458795106922,14.525848165355947,14.700494354844748,5243400,MPC
2012-03-22,14.566152572631836,14.676986262711928,14.415016304884366,14.492264727107619,6900000,MPC
2012-03-23,14.777746200561523,14.898655238102947,14.509060162245078,14.529210814371254,4814800,MPC
2012-03-26,15.184131622314453,15.23115151177505,14.925520949085275,15.032995348194037,8456000,MPC
2012-03-27,14.777746200561523,15.244588432360615,14.767670874498435,15.21436117297526,6284800,MPC
2012-03-28,14.629974365234375,14.750882164268976,14.488913344565855,14.693786921491236,7307800,MPC
2012-03-29,14.522492408752441,14.603097566463282,14.408300700998849,14.49562316871824,5025000,MPC
2012-03-30,14.562788963317871,14.77437965687143,14.532561721381649,14.619884152977763,7078400,MPC
2012-04-02,14.589662551879883,14.673627002922183,14.445243593591455,14.572869917910591,9149800,MPC
2012-04-03,14.240375518798828,14.629970632818234,14.109389861167946,14.599743370472064,12358200,MPC
2012-04-04,14.304184913635254,14.327694859046767,14.02542230204741,14.14297331030091,7821400,MPC
2012-04-05,14.149690628051758,14.418376633750704,14.035498915480215,14.19671051889958,5284800,MPC
2012-04-09,14.260518074035645,14.36799243885247,13.975039532715108,13.975039532715108,5659000,MPC
2012-04-10,14.048929214477539,14.317615137526094,14.032135303315627,14.223574103562443,7827800,MPC
2012-04-11,13.941459655761719,14.21350499239066,13.884364432689281,14.203429666247548,6066800,MPC
2012-04-12,14.02541732788086,14.310897148510644,13.844055139197957,13.911225655868042,12313400,MPC
2012-04-13,13.978403091430664,14.156408619746003,13.928025183609945,14.005272333891847,5088600,MPC
2012-04-16,13.43767261505127,13.823909672283367,13.424239274160163,13.696283324847254,11498000,MPC
2012-04-17,13.430956840515137,13.719793533703719,13.430956840515137,13.511562012178334,7423000,MPC
2012-04-18,13.387299537658691,13.430961434608644,13.24288050106746,13.367147597251819,6830800,MPC
2012-04-19,13.346992492675781,13.585451276017958,13.293255284018445,13.42759766506373,4941600,MPC
2012-04-20,13.400725364685059,13.504840452092845,13.323476951117364,13.383931451442525,5271400,MPC
2012-04-23,13.43431568145752,13.498128219713818,13.152195000899065,13.168987639261651,4998800,MPC
2012-04-24,13.521636962890625,13.568658139784004,13.397369912662576,13.461183726419844,3121800,MPC
2012-04-25,13.471260070800781,13.692926225273059,13.336916403340421,13.622396376394644,3938400,MPC
2012-04-26,13.652621269226074,13.692923849994525,13.414161236789216,13.434313167771412,3327400,MPC
2012-04-27,13.867568969726562,13.988477983591867,13.766811885237422,13.776887209327583,5680200,MPC
2012-04-30,13.975042343139648,14.102668657473984,13.874285266010748,13.924663163977325,6763600,MPC
2012-05-01,13.84070110321045,14.398225059285052,13.783605886109322,14.351205167273308,9434200,MPC
2012-05-02,13.934745788574219,14.062370876849016,13.753382202672602,13.817194746810001,5194600,MPC
2012-05-03,13.555222511291504,13.938100240620816,13.477975362496641,13.928024915489827,6800000,MPC
2012-05-04,13.346992492675781,13.548506704841767,13.216006845452165,13.464542236239922,7031600,MPC
2012-05-07,13.320120811462402,13.417519884713055,13.189136469392297,13.242873668220954,7366600,MPC
2012-05-08,12.93724250793457,13.296610248610879,12.829768115276,13.296610248610879,7880800,MPC
2012-05-09,12.833124160766602,12.967467771577786,12.739084401916147,12.765952355361009,7387800,MPC
2012-05-10,12.8297700881958,13.098456111159878,12.762598262155779,12.819693481512386,6077600,MPC
2012-05-11,12.497272491455078,12.782752482938236,12.470404524946265,12.776035171011971,7818600,MPC
2012-05-14,12.11180305480957,12.426263709001855,12.071227861002804,12.341731302818168,8644800,MPC
2012-05-15,11.93597412109375,12.236909246086052,11.898779660276812,12.12194513531643,7119800,MPC
2012-05-16,11.925830841064453,12.24367219256624,11.790578488586826,11.996837745677295,7299800,MPC
2012-05-17,11.790580749511719,12.09489795601028,11.790580749511719,11.929213856947225,6667800,MPC
2012-05-18,11.807487487792969,12.03403503800709,11.645185400556834,11.851444706168067,10113000,MPC
2012-05-21,12.159137725830078,12.20647565418399,11.787195754596363,11.817627464232707,4373200,MPC
2012-05-22,11.966407775878906,12.348494630963758,11.888638113315125,12.20647951116652,5883600,MPC
2012-05-23,11.976550102233887,11.996838343074417,11.631659036979523,11.878493496159889,5765600,MPC
2012-05-24,12.10504150390625,12.10504150390625,11.902164224959341,12.040797333207594,5162200,MPC
2012-05-25,12.470224380493164,12.524325083863227,12.04756223233252,12.04756223233252,6079000,MPC
2012-05-29,12.588570594787598,12.639290573865498,12.45331946701761,12.558138865313387,6731200,MPC
2012-05-30,12.368780136108398,12.493887714293166,12.274102980578204,12.456693255677225,5839000,MPC
2012-05-31,12.196331977844238,12.419497414840894,11.929209341024396,12.409353941751613,7846000,MPC
2012-06-01,11.915688514709473,12.081371308110656,11.84806233195174,11.95626370841925,5773800,MPC
2012-06-04,11.591084480285645,11.993459606343595,11.37806372046211,11.908927190262487,6215600,MPC
2012-06-05,11.902161598205566,11.952880261817771,11.584318964176298,11.591081710630325,5363600,MPC
2012-06-06,12.280867576599121,12.531084060521804,12.013744869812152,12.04417658691272,5932000,MPC
2012-06-07,12.591947555541992,12.865831720907837,12.439788969304228,12.541227596842027,7936800,MPC
2012-06-08,12.632522583007812,12.64604807713214,12.38230610115622,12.490507474426607,4541400,MPC
2012-06-11,12.808353424072266,12.970655525629773,12.62576307612165,12.821877631805224,6475000,MPC
2012-06-12,13.210723876953125,13.29525628020461,12.804968083373575,12.808350101826417,8485400,MPC
2012-06-13,13.105902671813965,13.173528849494081,12.946982637607055,13.119428165322399,5741000,MPC
2012-06-14,13.322309494018555,13.403459892374274,13.082236448382266,13.143099892080219,3945000,MPC
2012-06-15,13.575906753540039,13.589430960031816,13.176913640130326,13.176913640130326,8010400,MPC
2012-06-18,13.471087455749512,13.531950905644027,13.207346699448246,13.487993682972998,7128800,MPC
2012-06-19,13.819358825683594,13.93094223247736,13.440653968120628,13.589430553983364,7763600,MPC
2012-06-20,14.47194766998291,14.488853893234726,14.005328427032293,14.096623580426686,13889400,MPC
2012-06-21,13.97490119934082,14.532814433585493,13.907275000985042,14.505764728160651,8412800,MPC
2012-06-22,14.130436897277832,14.174392818455129,13.822738999726182,14.103385908988312,13357400,MPC
2012-06-25,13.978276252746582,14.02223345730777,13.63676596002546,14.02223345730777,5611200,MPC
2012-06-26,14.387414932250977,14.475329354913558,13.971515658503886,13.97827840562117,7313200,MPC
2012-06-27,14.37727165222168,14.485473027846918,14.181155852737096,14.455041310335936,5665600,MPC
2012-06-28,14.941946983337402,14.962235224263031,14.218349825197308,14.289356733643857,8631800,MPC
2012-06-29,15.188779830932617,15.33417565080743,14.887844716728184,15.185399102735001,10990000,MPC
2012-07-02,15.577632904052734,15.72979150483523,15.17525908408325,15.418711555472989,7390600,MPC
2012-07-03,15.337560653686523,15.675690293177453,15.215833777091834,15.675690293177453,7438000,MPC
2012-07-05,14.945329666137695,15.249645554377613,14.91827867703433,15.215833107860561,8391200,MPC
2012-07-06,15.050152778625488,15.063678276551201,14.651160908716745,14.776268539873406,4713000,MPC
2012-07-09,15.009571075439453,15.06367175385378,14.867557278300065,15.06367175385378,5588400,MPC
2012-07-10,14.874320030212402,15.209067574951478,14.813456605739493,15.100866218080068,5399800,MPC
2012-07-11,15.006192207336426,15.205688725565503,14.735688781736512,14.914897059347314,7089200,MPC
2012-07-12,14.684971809387207,14.796553930808122,14.40432356151406,14.637633861520012,9387000,MPC
2012-07-13,15.19892406463623,15.225973758858716,14.688347703869455,14.76949936626074,8647200,MPC
2012-07-16,15.165109634399414,15.198923362943827,14.965613150503867,15.134677923640368,5437600,MPC
2012-07-17,15.367988586425781,15.42885200972742,15.06367146991759,15.222592774078745,6909600,MPC
2012-07-18,15.834607124328613,15.942808474944115,15.303742554927636,15.303742554927636,6735800,MPC
2012-07-19,15.38828182220459,16.054397732824675,15.330800393299516,15.8751894075766,7953800,MPC
2012-07-20,15.405184745788574,15.462666157555686,15.236119949021255,15.34093929750529,3373200,MPC
2012-07-23,15.506628036499023,15.584397711652903,15.077203168583093,15.165116321842392,4756200,MPC
2012-07-24,15.026476860046387,15.503239477835335,14.749210729976893,15.438995327162313,7523800,MPC
2012-07-25,15.050152778625488,15.161736201718911,14.925045147468827,15.121160997804246,4708200,MPC
2012-07-26,15.493097305297852,15.608061414484768,15.242882137566435,15.320651786448469,5176400,MPC
2012-07-27,15.905614852905273,15.922521072976407,15.479570883886039,15.479570883886039,5084800,MPC
2012-07-30,16.05101776123047,16.209937847970263,15.621592874351697,15.837995682572894,5355600,MPC
2012-07-31,15.993535041809082,16.52778060330364,15.817707437641092,16.02734878676205,9495400,MPC
2012-08-01,15.824468612670898,16.165980308484198,14.999432665816862,16.098354115167098,18801000,MPC
2012-08-02,16.230220794677734,16.294464954306324,15.63511326641219,15.638493994871775,9223600,MPC
2012-08-03,16.700218200683594,16.791513333598353,16.331656941077437,16.541296900069547,7230800,MPC
2012-08-06,16.686695098876953,16.79489646674661,16.521012318641187,16.76108402298561,4207600,MPC
2012-08-07,17.05526351928711,17.17360970149715,16.734041300097562,16.805048235506035,6975800,MPC
2012-08-08,16.72726821899414,16.90647645667917,16.477051799896103,16.889570238194846,5830400,MPC
2012-08-09,16.497344970703125,16.73741669863173,16.48043874716179,16.73741669863173,5698200,MPC
2012-08-10,16.7576961517334,16.774602366407773,16.213307526132656,16.338415062556823,5729600,MPC
2012-08-13,16.7576961517334,16.838846498114993,16.507479789023563,16.7576961517334,4855000,MPC
2012-08-14,16.730457305908203,16.887102835649934,16.594243011067523,16.887102835649934,4362800,MPC
2012-08-15,16.931379318237305,16.96883832896485,16.56700743049239,16.740679490459023,5189400,MPC
2012-08-16,16.92797088623047,17.04034790275392,16.754298850464185,16.910944419827675,6093200,MPC
2012-08-17,16.771326065063477,17.077807670130884,16.693003276887623,16.941593334759553,6760000,MPC
2012-08-20,16.87348747253418,16.98586450276529,16.70322018966494,16.801975525497806,5108800,MPC
2012-08-21,16.65894889831543,17.088023141669684,16.60446342444907,16.92797149385892,5700200,MPC
2012-08-22,16.771326065063477,16.812189846060406,16.3933325184924,16.662355116380883,3986200,MPC
2012-08-23,16.699817657470703,16.771329614107284,16.532955126282225,16.72024890277461,2757200,MPC
2012-08-24,16.601064682006836,16.665765799780957,16.362690160098897,16.631712853381238,3465000,MPC
2012-08-27,16.890514373779297,17.19699601041105,16.67257245396841,16.68959892288433,5755600,MPC
2012-08-28,16.968841552734375,17.193594360762276,16.839438027192084,16.866680122600883,5283000,MPC
2012-08-29,16.931379318237305,17.101646604063387,16.90413592896771,16.996080419198147,3183400,MPC
2012-08-30,17.30255889892578,17.36385521457134,16.737271665000335,16.836025685508346,5627000,MPC
2012-08-31,17.62265396118164,17.687355024980523,17.312767730927114,17.377468794725996,7878200,MPC
2012-09-04,17.29574203491211,17.62265473858396,17.12206876799946,17.619249966248795,5189200,MPC
2012-09-05,17.135696411132812,17.30936973840776,17.09823740724857,17.282126354115196,5202600,MPC
2012-09-06,17.340017318725586,17.578391745060383,17.200398216006594,17.27531622689253,5433000,MPC
2012-09-07,17.67032814025879,17.70097628532735,17.374063603953065,17.425142979710316,3713400,MPC
2012-09-10,17.83038902282715,17.915522659262315,17.677148217436606,17.677148217436606,3613600,MPC
2012-09-11,18.167512893676758,18.221998355232223,17.861032659565723,17.87805912273258,5511200,MPC
2012-09-12,18.211793899536133,18.48762744843261,18.201578275181816,18.26968546862947,6444200,MPC
2012-09-13,18.617023468017578,18.668104170798948,17.993845908880502,18.256057671688158,5895400,MPC
2012-09-14,18.9371280670166,19.144854367185633,18.64767289665262,18.698753602904006,6450600,MPC
2012-09-17,18.266271591186523,18.78047944796328,18.021086319132117,18.78047944796328,7284200,MPC
2012-09-18,17.73163414001465,18.01087237064195,17.271913011284305,17.735040213018234,13020800,MPC
2012-09-19,18.119840621948242,18.21519116628581,17.700983338470195,17.707794184425452,7473400,MPC
2012-09-20,18.174327850341797,18.256056710682508,17.833793313821804,18.02449312192602,5248200,MPC
2012-09-21,18.293508529663086,18.4297215113286,18.187942397167898,18.262860381457106,6562000,MPC
2012-09-24,18.201566696166992,18.38204953980706,18.116433083274757,18.22540400385395,3611600,MPC
2012-09-25,18.269676208496094,18.559130010140766,18.256054516903493,18.327566449210625,7181200,MPC
2012-09-26,18.04833221435547,18.388866784437646,17.70779764427329,18.228815120807408,6965400,MPC
2012-09-27,18.569347381591797,18.569347381591797,17.963196337918525,18.04151912341279,4347400,MPC
2012-09-28,18.58978271484375,18.613620031444782,18.327570933196075,18.511459917578026,4748400,MPC
2012-10-01,18.845178604125977,19.032472312582073,18.47399596051547,18.68853305152895,5216600,MPC
2012-10-02,18.86220359802246,18.998417902116813,18.78728560086698,18.879230061275287,4060200,MPC
2012-10-03,18.56594467163086,18.86561545307666,18.542107355962745,18.86561545307666,4393800,MPC
2012-10-04,18.930313110351562,18.99160942493302,18.61021114456531,18.654479694735,5612800,MPC
2012-10-05,18.685129165649414,19.383224687420977,18.640860612367508,19.06993354556686,6537800,MPC
2012-10-08,19.723764419555664,20.44569874387017,19.23339503807112,19.48539122656514,18623800,MPC
2012-10-09,19.454740524291992,20.09153981223784,19.44792967694586,19.934894220385715,8248000,MPC
2012-10-10,18.83155632019043,19.63521789383716,18.654478236248274,19.325331571697372,10620600,MPC
2012-10-11,18.613616943359375,19.29128121454537,18.603401323378417,19.236795742920073,7215000,MPC
2012-10-12,18.49102210998535,18.712370042866127,17.9563830772494,18.610209958088827,8333200,MPC
2012-10-15,18.518266677856445,18.678317011276178,18.24583933466069,18.47059205517669,4308600,MPC
2012-10-16,18.746421813964844,18.88944696305086,18.55912812026476,18.664694270803587,3856800,MPC
2012-10-17,18.984804153442383,19.100585970644566,18.749835744577553,18.841780243447207,4023800,MPC
2012-10-18,18.657896041870117,19.069942706436805,18.610221392949907,18.940539160055692,5600400,MPC
2012-10-19,18.70896339416504,18.950743856166422,18.542102230611487,18.783881393576955,4888000,MPC
2012-10-22,18.56594467163086,18.899668390020747,18.286706431773275,18.79410220703604,4712800,MPC
2012-10-23,18.133466720581055,18.293518391834624,17.912118719870218,18.21860036715655,5155400,MPC
2012-10-24,18.286705017089844,18.576158855830872,18.167517148933523,18.242435163258286,3486200,MPC
2012-10-25,18.375244140625,18.559133110738628,18.170923928745122,18.38205498755916,2833600,MPC
2012-10-26,18.9371280670166,18.97458707839611,18.52167546667854,18.576160947129736,4881800,MPC
2012-10-31,18.705562591552734,18.998422507014794,18.38886536195178,18.950747878737005,5480800,MPC
2012-11-01,18.399078369140625,18.794098331808193,17.905304390083174,18.68853346962659,7261800,MPC
2012-11-02,18.065357208251953,18.579565094558014,17.830388841730414,18.579565094558014,6790200,MPC
2012-11-05,18.647672653198242,18.828156860303526,18.065358844909177,18.06876491810084,6718800,MPC
2012-11-06,19.403654098510742,19.47516602600893,18.715774307774236,18.86901508029602,8509200,MPC
2012-11-07,18.886043548583984,19.3321442228194,18.685128136406025,19.083554187249394,5502400,MPC
2012-11-08,18.494434356689453,19.110801143408832,18.46719096550104,18.879237514452875,5078800,MPC
2012-11-09,18.08919906616211,18.344600037028435,17.929148674430706,18.245845982227873,6529400,MPC
2012-11-12,18.347997665405273,18.64085751837798,18.218594202665628,18.218594202665628,5293400,MPC
2012-11-13,18.354806900024414,18.705556958763797,18.136863766469546,18.26286244501747,4391800,MPC
2012-11-14,18.09259796142578,18.542103387880434,18.041517267904844,18.487617921008233,5887200,MPC
2012-11-15,18.40929412841797,18.518265056153343,18.061948809122995,18.14027158224305,6306200,MPC
2012-11-16,18.5046443939209,18.565940706558404,18.215190594605126,18.399078233481642,7317800,MPC
2012-11-19,19.3889217376709,19.43005042622436,18.795978023483542,18.802833022818692,6946800,MPC
2012-11-20,19.536298751831055,19.810492157031963,19.306662183555694,19.385492705834878,6521600,MPC
2012-11-21,19.820777893066406,19.879043427256374,19.584284987934893,19.70081736377228,4167000,MPC
2012-11-23,20.21492576599121,20.22178076382296,19.92702239434358,19.954442385670568,2007600,MPC
2012-11-26,20.242345809936523,20.252627652982294,19.99214427198455,20.136095304453978,4679400,MPC
2012-11-27,20.081256866455078,20.348595248462065,20.046983184259318,20.34174025053148,5961400,MPC
2012-11-28,20.307470321655273,20.413720848031303,19.772792151362466,19.865332679343382,5923800,MPC
2012-11-29,20.376018524169922,20.533679579611977,20.259486155482886,20.372590370923533,5291800,MPC
2012-11-30,20.4068660736084,20.478841604789423,20.17380132815395,20.30061554606206,5146600,MPC
2012-12-03,20.41029167175293,20.530252190511728,20.187510092556323,20.495977196241782,5783400,MPC
2012-12-04,20.27662467956543,20.526826281532273,20.24920598860916,20.348600214215313,4738200,MPC
2012-12-05,19.916744232177734,20.519969770826147,19.711098181590913,20.358881868109137,6379800,MPC
2012-12-06,20.35887908935547,20.444564605207205,19.79335416175112,19.858474683113847,8582200,MPC
2012-12-07,20.804447174072266,20.818157172812683,20.34517267592787,20.516543737810743,8382000,MPC
2012-12-10,21.253429412841797,21.41794671232014,20.729034606557335,20.735889602990337,8624200,MPC
2012-12-11,21.05121612548828,21.51049052570436,20.96553061281705,21.291135822459157,8740000,MPC
2012-12-12,21.085498809814453,21.32541859433985,20.780458482578897,21.188321201051725,7966400,MPC
2012-12-13,21.171180725097656,21.267148099476326,20.91069598398781,21.082067042496817,6203400,MPC
2012-12-14,21.53448486328125,21.58932354212592,21.147185958496056,21.147185958496056,6894600,MPC
2012-12-17,21.579044342041016,21.71614171798354,21.400818276298722,21.57218934249814,5535800,MPC
2012-12-18,21.59274673461914,21.72298906513814,21.507061231703986,21.637303562222986,4907400,MPC
2012-12-19,21.32541275024414,21.743557201013537,21.304847754649337,21.589324310153003,8451000,MPC
2012-12-20,21.33912467956543,21.46936705652474,21.23287545483802,21.39396336868659,5211200,MPC
2012-12-21,21.297998428344727,21.421385819860344,20.962111255584233,21.02380495134204,8528800,MPC
2012-12-24,21.37681770324707,21.58931867993734,21.171173030757647,21.198591710276332,2139000,MPC
2012-12-26,21.13347625732422,21.469363333375018,21.037508894868918,21.465936487911865,2978800,MPC
2012-12-27,21.256860733032227,21.301417562759323,20.831860043039562,21.147183388670975,3663200,MPC
2012-12-28,20.94497299194336,21.16432775871088,20.91412614615058,21.088924067337967,3272400,MPC
2012-12-31,21.59274673461914,21.59617357945466,20.866134035986587,20.896980869334325,4202800,MPC
2013-01-02,21.938919067382812,22.004038277894267,21.527628351239798,21.98690274456569,6321400,MPC
2013-01-03,21.32541275024414,21.932066391989355,21.23629907679061,21.90121955232579,7296400,MPC
2013-01-04,21.438518524169922,21.64073641953041,20.910695365777137,21.387107992611586,6589200,MPC
2013-01-07,20.650209426879883,21.277428033732214,20.578233906982565,21.277428033732214,11086800,MPC
2013-01-08,21.095773696899414,21.157467372779667,20.660491120391935,20.718757950926488,9818800,MPC
2013-01-09,21.39396095275879,21.47621963088015,21.16775122224671,21.270574896762746,7302200,MPC
2013-01-10,21.52077293395996,21.589321603223866,21.26714324992065,21.551619769755863,6480800,MPC
2013-01-11,21.24658203125,21.5858959569447,21.147186514649626,21.48992859330697,6742600,MPC
2013-01-14,21.462514877319336,21.469369877792474,21.21574139757461,21.318563789756382,4476400,MPC
2013-01-15,22.024608612060547,22.086302296152613,21.318559398261012,21.35968808516993,5688600,MPC
2013-01-16,22.189119338989258,22.40504850164213,21.921780961337408,21.93206411179435,5761200,MPC
2013-01-17,22.408477783203125,22.65182436287384,22.291946723183933,22.35021225319353,7048800,MPC
2013-01-18,22.346786499023438,22.590135719733656,21.901223285633698,22.511303876911118,7196800,MPC
2013-01-22,23.001422882080078,23.183075779393764,22.3262205166577,22.36735051063834,6046400,MPC
2013-01-23,23.162506103515625,23.33730264919903,22.799197787870472,23.04254692071895,7568200,MPC
2013-01-24,23.52924156188965,23.67662074364179,23.152225840986155,23.152225840986155,5068200,MPC
2013-01-25,23.536104202270508,23.649209746026813,23.337313115956132,23.608079744229453,4657000,MPC
2013-01-28,23.52924156188965,23.710894424648608,22.833475639285677,23.501821571118498,5798400,MPC
2013-01-29,24.66714859008789,24.821381484336932,23.943962572331564,23.988518102579935,11114600,MPC
2013-01-30,24.982471466064453,25.157270669284355,24.293559112715776,25.054446993292718,10041400,MPC
2013-01-31,25.434890747070312,25.709085471094237,24.81110023408483,24.913923909322474,8097200,MPC
2013-02-01,26.120365142822266,26.188915105568185,25.55141483405652,25.722785818550758,7498000,MPC
2013-02-04,26.32259750366211,26.46654857546053,25.859893520872152,25.931871671686384,7424000,MPC
2013-02-05,26.28146743774414,26.528242197286858,26.106668213915547,26.504250352048814,8406200,MPC
2013-02-06,26.661916732788086,26.86070784144532,26.226632663317407,26.226632663317407,6355400,MPC
2013-02-07,27.083465576171875,27.114313708964097,26.53165348644744,26.72015997494949,8834400,MPC
2013-02-08,27.909482955932617,28.132265793214447,27.265128895944557,27.265128895944557,8353800,MPC
2013-02-11,27.998605728149414,28.276226019568757,27.789532817478197,28.005459420258244,7026400,MPC
2013-02-12,27.72439956665039,28.104843387553064,27.49819121133506,28.02943973080999,6500600,MPC
2013-02-13,27.991744995117188,28.070576823936232,27.5770273928611,27.68327660069523,4563000,MPC
2013-02-14,28.502429962158203,28.704646515286125,27.731260354284842,27.82379955666735,5921200,MPC
2013-02-15,28.416383743286133,28.6297829255749,28.05498507888582,28.502431419471925,5678200,MPC
2013-02-19,28.984304428100586,29.004955033992168,28.416389132377432,28.578159214440646,8598200,MPC
2013-02-20,27.614421844482422,29.128858869121622,27.552467411585965,28.9326702692773,9563000,MPC
2013-02-21,27.738332748413086,27.94828932708973,26.72985631852868,27.493957618110326,10590000,MPC
2013-02-22,28.06187629699707,28.082526905271177,27.52149683076227,27.98271388130134,5221800,MPC
2013-02-25,27.287429809570312,28.547168641184175,27.273661870725995,28.13413835375213,5922200,MPC
2013-02-26,27.724563598632812,27.7624247879815,26.960459778638192,27.32530110221635,5782400,MPC
2013-02-27,28.478347778320312,28.657328475681915,27.597220117363392,27.666057231137817,5973000,MPC
2013-02-28,28.52652931213379,28.86383741317143,28.41638837370729,28.44392426480569,4813400,MPC
2013-03-01,29.259654998779297,29.259654998779297,28.340663744327035,28.340663744327035,6742000,MPC
2013-03-04,30.904890060424805,30.959959219025304,29.156400289907914,29.19081884227913,11788200,MPC
2013-03-05,30.546926498413086,31.138934958875048,30.185525190862037,31.008140804234916,12037600,MPC
2013-03-06,30.474651336669922,30.867028607556758,30.378278340447498,30.71902647022455,5949400,MPC
2013-03-07,30.385156631469727,30.639857031430125,30.04096590818445,30.495297557882346,7400400,MPC
2013-03-08,30.639854431152344,30.77064857551956,30.161429576465093,30.646739715575144,7495200,MPC
2013-03-11,30.25092315673828,30.48841560158862,29.94459361603095,30.453997053660125,7916400,MPC
2013-03-12,30.629526138305664,30.928972958246327,30.040960424049615,30.19928781274133,5936600,MPC
2013-03-13,29.88608741760254,30.540050454554663,29.66236287522847,30.47121071984175,9499600,MPC
2013-03-14,30.185523986816406,30.24059576046118,29.63137673785769,30.034081861226678,7341000,MPC
2013-03-15,30.264680862426758,30.498730585514117,30.047841720464675,30.223377043305696,9869800,MPC
2013-03-18,30.54348373413086,30.887674453867184,29.703660163631646,29.910174070280082,5540800,MPC
2013-03-19,30.395475387573242,30.79473780107004,30.065052679489472,30.519384231350436,6269800,MPC
2013-03-20,31.366104125976562,31.658668383127207,30.66051461853026,30.79130616662115,6160600,MPC
2013-03-21,30.653623580932617,31.400519412217445,30.64674092220543,31.15958434129867,7649800,MPC
2013-03-22,31.29037094116211,31.62767628271092,30.701802662277714,30.791292959939387,5065400,MPC
2013-03-25,31.042564392089844,31.916809206834692,30.87735167767939,31.586383778013783,5703000,MPC
2013-03-26,31.297258377075195,31.51754020036534,31.042558011264678,31.214653349833007,5243800,MPC
2013-03-27,30.863582611083984,31.28005308577494,30.770652267957455,31.156144210961624,5737000,MPC
2013-03-28,30.839481353759766,31.13204287764141,30.739665751312387,30.86357459393905,5275600,MPC
2013-04-01,30.91864776611328,30.987484848056432,30.38859383205869,30.82227480100633,4970800,MPC
2013-04-02,29.421424865722656,31.163029125718634,29.173607119042288,31.104517331632124,8668800,MPC
2013-04-03,28.013683319091797,29.417982128449168,27.018972318955374,29.417982128449168,18626000,MPC
2013-04-04,28.437040328979492,28.877604062916376,27.793402689763173,27.934522155834795,8338400,MPC
2013-04-05,28.350990295410156,28.516200368974992,27.363161992593646,27.896658654156706,6352400,MPC
2013-04-08,28.691740036010742,28.733043869783884,28.202989819879736,28.526527326885102,4992400,MPC
2013-04-09,29.1873779296875,29.380123917826225,28.450809902480632,28.795000667566725,5196200,MPC
2013-04-10,29.02903175354004,29.445504658970634,28.912008218832103,29.31127054517474,5100400,MPC
2013-04-11,28.247730255126953,29.10820699328236,27.793398642419564,29.01527666098688,10707400,MPC
2013-04-12,27.63507652282715,28.024011137507802,26.98455619444924,27.876009005201514,9943400,MPC
2013-04-15,26.681657791137695,27.607531471568848,26.550866290669056,27.2564581671708,10907200,MPC
2013-04-16,27.14632797241211,27.32530602396094,26.736740100757256,26.984557884415075,7204400,MPC
2013-04-17,26.368453979492188,26.967345158577,25.883143753946744,26.757388587719802,7759200,MPC
2013-04-18,26.499237060546875,26.84342770603093,25.92099667109501,26.354677619675467,7909000,MPC
2013-04-19,27.10501480102539,27.11189745888299,26.426958772514965,26.643800571541643,6213200,MPC
2013-04-22,27.531816482543945,27.824378085555864,26.83310970239657,27.14288189274852,5784000,MPC
2013-04-23,28.06875228881836,28.21675439302963,27.552466245193006,27.573116846628707,5274400,MPC
2013-04-24,28.437040328979492,28.750252541776153,28.202990517079648,28.24773436863146,5325800,MPC
2013-04-25,28.092844009399414,29.015275129038145,28.013678998243563,28.633223267391394,5399600,MPC
2013-04-26,27.999906539916992,28.123815373761207,27.67636914129359,28.085954195310695,4257200,MPC
2013-04-29,28.36475372314453,28.681408502033666,28.08940014308751,28.123818684103046,5419200,MPC
2013-04-30,26.970788955688477,28.096291618513916,26.451060157555585,27.51116835971831,13876000,MPC
2013-05-01,25.287696838378906,26.712646446886637,25.28425419533372,26.70920380384145,15908400,MPC
2013-05-02,26.08965492248535,26.36844853648213,25.32210854100757,25.33243384138278,9519600,MPC
2013-05-03,26.88129425048828,27.08092549493151,26.32370697417225,26.32370697417225,8823400,MPC
2013-05-06,27.65228271484375,27.80372748033534,26.750504659150586,26.83655234391318,5726600,MPC
2013-05-07,28.030893325805664,28.192663385795612,27.59721227948725,27.83470471870371,6623400,MPC
2013-05-08,27.056821823120117,28.00334592229157,26.939795659902188,27.96548474824745,7932200,MPC
2013-05-09,27.008642196655273,27.184180172986338,26.557753260907226,26.998316896747514,5669200,MPC
2013-05-10,26.633480072021484,26.767714258387308,26.23422015579591,26.767714258387308,7920000,MPC
2013-05-13,26.31338119506836,26.736736963468445,26.09309933010201,26.57840953714682,6110400,MPC
2013-05-14,26.91848373413086,26.9565190546001,26.334127937733182,26.420571368246154,5706000,MPC
2013-05-15,27.4475154876709,27.769085135731725,26.925399097563655,26.925399097563655,5736600,MPC
2013-05-16,27.150156021118164,27.921232710583492,27.074088005542137,27.3299598638659,6027800,MPC
2013-05-17,28.58857536315918,28.716512607549515,27.354163111765555,27.354163111765555,8992800,MPC
2013-05-20,29.25245475769043,29.736538469689524,28.540161773404506,28.578197091792976,7579600,MPC
2013-05-21,28.657730102539062,29.231715846921976,28.30850048211026,29.231715846921976,6177200,MPC
2013-05-22,28.5090274810791,29.031146268121706,27.99036716810828,28.681914252069376,7024000,MPC
2013-05-23,28.47792625427246,28.71996682399717,27.69993531695744,27.96272410554738,4425800,MPC
2013-05-24,28.374176025390625,28.391465757715682,27.903923797011018,28.318853630427434,3205600,MPC
2013-05-28,28.958539962768555,29.197124598874474,28.63005608706492,28.868638085127536,4441800,MPC
2013-05-29,28.94471549987793,29.08993981768403,28.439886225092025,28.733793336283583,2994600,MPC
2013-05-30,28.885936737060547,29.06228207200752,28.5332460671666,28.910140791814516,4177800,MPC
2013-05-31,28.526330947875977,29.193674310723807,28.52633094787598,28.802950969860877,5167800,MPC
2013-06-03,28.36036491394043,28.709597178262605,27.713769619118413,28.56437282052078,4824000,MPC
2013-06-04,27.87973403930664,28.529790319981863,27.60657248447628,28.204762179644252,4819200,MPC
2013-06-05,27.6376895904541,28.38110350968808,27.509752382664708,27.807117950358297,5643800,MPC
2013-06-06,28.612770080566406,28.612770080566406,27.54087227283065,27.627315686971336,5383000,MPC
2013-06-07,28.91704750061035,28.965455597387553,28.343064651090675,28.640430181603993,4276400,MPC
2013-06-10,28.495210647583008,29.09685612084069,28.43988559172104,28.913596489874674,4506600,MPC
2013-06-11,27.613489151000977,28.2773740521143,27.610030675191112,27.980008445524025,4609600,MPC
2013-06-12,27.412931442260742,27.990372739168954,27.323029564800212,27.93505033322322,5115800,MPC
2013-06-13,27.93506622314453,28.014592721560614,27.32650358332131,27.361080436460682,4457200,MPC
2013-06-14,27.527034759521484,28.014574132788137,27.488999454892653,27.696463074113424,3119200,MPC
2013-06-17,27.316125869750977,27.83478648753106,27.212392690977232,27.696476461847507,4654800,MPC
2013-06-18,27.2884578704834,27.59619623100878,27.12940229612541,27.222762665928357,7257000,MPC
2013-06-19,27.077543258666992,27.810584605477356,27.074087420336813,27.40948576343644,4919600,MPC
2013-06-20,25.514650344848633,26.693737692355796,25.193080588611245,26.686823376736065,10555200,MPC
2013-06-21,25.175779342651367,25.760137672276997,24.45311365944845,25.7532233598156,11563400,MPC
2013-06-24,24.33555030822754,24.881873348114496,23.96557258132562,24.86804208454275,7746400,MPC
2013-06-25,24.92336082458496,25.044381052622967,24.702065939588856,24.736642770736413,7364400,MPC
2013-06-26,25.04438018798828,25.53883650665272,24.944105534492078,25.186145982211862,6059600,MPC
2013-06-27,24.567222595214844,25.48697927123482,24.44965816469025,25.28297405320884,7349600,MPC
2013-06-28,24.5706787109375,24.58796845145986,24.307892593696987,24.494608073509557,15077600,MPC
2013-07-01,24.33555030822754,25.1204580281505,24.221447000337257,24.49115004487685,5556000,MPC
2013-07-02,23.958663940429688,24.51190142405162,23.630177288434748,24.408168241728077,8500800,MPC
2013-07-03,24.45657730102539,24.4980684606459,23.367389514235143,23.89988137973358,5514600,MPC
2013-07-05,23.85492515563965,24.432369199159503,23.37429995730403,23.83072110385454,6161400,MPC
2013-07-08,24.010530471801758,24.370135494771645,23.9240870327622,23.9240870327622,6802800,MPC
2013-07-09,24.24565315246582,24.335552416404422,23.986322873628435,24.1799553043196,4819200,MPC
2013-07-10,23.61634063720703,24.359751851827532,23.495317752926006,24.3459232277234,7129200,MPC
2013-07-11,24.726280212402344,24.785061113470274,23.78231676718048,24.03127427528489,7577400,MPC
2013-07-12,25.32447052001953,25.65641302716152,24.273317928380962,24.34938858090102,8986800,MPC
2013-07-15,25.27604866027832,25.55612705937593,25.009804159257055,25.314083965858945,5185400,MPC
2013-07-16,24.179962158203125,25.05131098134384,23.879137999786394,24.71936844690715,10226600,MPC
2013-07-17,24.117713928222656,24.498064444643216,24.11079961543412,24.173038982706125,4450000,MPC
2013-07-18,23.61288833618164,24.238737943252268,23.512613637925185,24.19378830805215,8348600,MPC
2013-07-19,24.065853118896484,24.0831428620787,23.474580307077847,23.80998127567516,6666600,MPC
2013-07-22,24.14883804321289,24.283692236117183,23.858389352143767,24.083142822925023,4830600,MPC
2013-07-23,24.816171646118164,25.02017945451833,24.179949449029156,24.221443233291065,5396400,MPC
2013-07-24,24.339008331298828,24.857668834403153,24.16266302159111,24.840379095748848,5161800,MPC
2013-07-25,24.912994384765625,24.954485537493877,24.138459451950254,24.2318198216764,5070800,MPC
2013-07-26,24.864595413208008,25.15504414115366,24.68479155853662,24.888799473870147,3327200,MPC
2013-07-29,24.975238800048828,25.065138074493554,24.670956215637993,24.892251201730787,3745000,MPC
2013-07-30,25.244932174682617,25.442023028187556,24.978685015886192,25.06858689374347,5062800,MPC
2013-07-31,25.3555850982666,25.846583100626226,25.02709851282362,25.25876888800345,5845400,MPC
2013-08-01,25.964147567749023,26.285717235338034,25.538847366190613,25.538847366190613,6829000,MPC
2013-08-02,24.87151527404785,25.64604802597625,24.740122149449167,25.545773284290934,7223200,MPC
2013-08-05,24.78851890563965,24.87841817371866,24.491153294500425,24.81272296059079,3975000,MPC
2013-08-06,24.5914306640625,25.307182238922316,24.37704998401067,24.78852160096464,7383600,MPC
2013-08-07,24.798885345458984,24.99943468544323,24.48077423668336,24.584504743609255,5623200,MPC
2013-08-08,25.065139770507812,25.55268205094928,24.816182234796806,24.857676036763475,5427200,MPC
2013-08-09,25.32447052001953,25.386709904986436,25.0685986653976,25.148127794317084,4739400,MPC
2013-08-12,25.258771896362305,25.493898137024093,25.0513055490387,25.217278099288748,4768800,MPC
2013-08-13,25.912275314331055,25.9572249341727,25.244932137987284,25.376325160785154,4176600,MPC
2013-08-14,25.480064392089844,26.102455459368635,25.46969160334179,25.853497977239545,6719800,MPC
2013-08-15,24.43582534790039,25.338294864313795,24.40470698294178,25.33483638885934,8015000,MPC
2013-08-16,24.20416259765625,24.428916063671934,23.799607941654646,24.428916063671934,7379400,MPC
2013-08-19,24.019792556762695,24.66681394476478,24.012833853597968,24.19024362875148,6281000,MPC
2013-08-20,24.69464111328125,24.93118659854049,23.842383088403174,24.01979286583952,6649400,MPC
2013-08-21,24.993803024291992,25.386887506648335,24.433746810253094,24.61463594920499,5060600,MPC
2013-08-22,26.040868759155273,26.34698541421586,25.0320715574315,25.143386945996095,7022800,MPC
2013-08-23,26.110431671142578,26.639181591031058,25.978245518154143,26.11391102236967,7861400,MPC
2013-08-26,26.023469924926758,26.475690101691704,25.985205018248138,26.176529551641245,5875000,MPC
2013-08-27,25.42862319946289,25.908672787848058,25.289478352772015,25.699954190828137,6429000,MPC
2013-08-28,25.7556209564209,25.933030755790067,25.4251515141475,25.505160687656893,4333400,MPC
2013-08-29,25.612993240356445,26.00607769648418,25.46341296980568,25.67908765063654,3831400,MPC
2013-08-30,25.223390579223633,25.971291925734192,25.119031264280714,25.717352341489164,4815600,MPC
2013-09-03,25.54689598083496,25.933021650614716,25.44601603833721,25.6095110260416,4477400,MPC
2013-09-04,25.62343406677246,25.731270091868577,25.286008583637972,25.439065568362285,3637200,MPC
2013-09-05,25.080764770507812,25.863451621103206,25.063373321763944,25.66169170710865,4892000,MPC
2013-09-06,24.645944595336914,25.296445443297028,24.51375840682852,25.139906443622472,6013600,MPC
2013-09-09,24.214597702026367,24.698124145515493,24.120673771870596,24.649423831348823,7774800,MPC
2013-09-10,23.689327239990234,24.193727147608048,23.623235472347147,24.165897638090907,8854000,MPC
2013-09-11,23.553661346435547,23.786727513729126,23.18492963973418,23.71715639494444,7546800,MPC
2013-09-12,23.28232765197754,23.588444255794933,23.17796833155664,23.525829194335945,5362200,MPC
2013-09-13,23.616270065307617,23.856294872325897,23.348418410638,23.41798951071736,5797400,MPC
2013-09-16,23.289289474487305,23.84586911607458,23.271898019417968,23.76933928265791,4376600,MPC
2013-09-17,23.031875610351562,23.47366054967193,22.805765438208507,23.26494183448221,6658000,MPC
2013-09-18,23.04926300048828,23.177969829495282,22.73618767296002,23.03882759856533,8218000,MPC
2013-09-19,22.753585815429688,23.49800802963512,22.659661873524584,23.240589018017612,9784000,MPC
2013-09-20,22.440505981445312,22.88924683251255,22.395282368768783,22.75358130241872,10416000,MPC
2013-09-23,21.911762237548828,22.46833791026591,21.890890102440938,22.419637588665076,7327800,MPC
2013-09-24,22.370929718017578,22.503118535442997,21.744780472900935,21.91871089248799,9041000,MPC
2013-09-25,22.426593780517578,22.73618978483942,22.130911204390713,22.450943938588907,8645600,MPC
2013-09-26,22.311800003051758,22.590089810699183,22.144826914653787,22.419636042880192,6170800,MPC
2013-09-27,22.590089797973633,22.826635338150204,22.370935712035042,22.43703013845694,7105400,MPC
2013-09-30,22.374408721923828,22.461373930366314,21.92914727933311,22.176128152833662,9147800,MPC
2013-10-01,22.36397361755371,22.523989284729733,22.047420307712535,22.31527331249873,6648800,MPC
2013-10-02,22.729228973388672,22.93794762775947,22.249181907065296,22.249181907065296,8029400,MPC
2013-10-03,22.690963745117188,22.823149908796644,22.471809717530803,22.610954584227258,5098200,MPC
2013-10-04,22.690963745117188,22.868370862536768,22.32570880178494,22.55529557596164,5138200,MPC
2013-10-07,22.23526382446289,22.652698416744823,21.970890175064856,22.562253856988608,5025400,MPC
2013-10-08,21.74131202697754,22.256146136538245,21.74131202697754,22.22136056808883,6700600,MPC
2013-10-09,21.602157592773438,21.75173785985217,21.330826562716105,21.75173785985217,7422000,MPC
2013-10-10,22.718793869018555,22.927512526123007,21.918714087683412,22.04742357236876,8428400,MPC
2013-10-11,23.393640518188477,23.61627123422261,22.621389060834296,22.71531296995439,8977200,MPC
2013-10-14,23.37276840209961,23.438860150535294,22.92054829275737,23.139699645087475,4481800,MPC
2013-10-15,23.807598114013672,24.047620302779563,23.487564105712906,23.553658518400198,9239200,MPC
2013-10-16,23.985010147094727,24.127634402806024,23.727593801091636,24.127634402806024,6075200,MPC
2013-10-17,24.412874221801758,24.485924680816165,23.835423944876954,23.915433107017098,6378600,MPC
2013-10-18,24.60767936706543,24.60767936706543,24.311998132328224,24.586808562297737,5053200,MPC
2013-10-21,24.67377471923828,24.889449441198742,24.499844262357698,24.694645524794144,4219200,MPC
2013-10-22,25.21991729736328,25.46341888554362,24.833791454699984,24.833791454699984,7307200,MPC
2013-10-23,25.077287673950195,26.141743691166404,25.03902542168642,25.15034078873223,10102400,MPC
2013-10-24,24.075450897216797,25.04598305923843,24.012835833409987,25.04598305923843,10597800,MPC
2013-10-25,24.311992645263672,24.44417880223889,23.800636812120594,24.148497634235074,6272800,MPC
2013-10-28,24.767702102661133,25.25122867964567,24.45462932628809,24.482456189231627,5972400,MPC
2013-10-29,24.63550567626953,25.205997266877592,24.555496511771995,24.79204199963151,3768000,MPC
2013-10-30,25.223390579223633,25.247740732181295,24.353738467924753,24.691163911743537,7796200,MPC
2013-10-31,24.927709579467773,26.08956353498811,24.899880074744885,25.171211110873937,9671400,MPC
2013-11-01,24.649417877197266,25.06337310158972,24.402437013877353,24.99031999401787,7031600,MPC
2013-11-04,24.938142776489258,24.962492927478078,24.41287220062484,24.68768256405146,4843800,MPC
2013-11-05,24.60072135925293,24.86857306367416,24.499841387622954,24.767693092044183,5071600,MPC
2013-11-06,24.48940658569336,25.032068711503793,24.39200596351896,24.76421700052421,5263000,MPC
2013-11-07,24.499845504760742,24.72595564096532,24.134590465201935,24.371136004713634,8184800,MPC
2013-11-08,24.924232482910156,25.004238998767512,24.27721103638565,24.489406384652714,5051400,MPC
2013-11-11,25.115550994873047,25.132945098050403,24.628547953517373,24.92770848118873,3816200,MPC
2013-11-12,25.745176315307617,25.887797850858863,25.063369524994233,25.15033471744186,6765200,MPC
2013-11-13,26.124347686767578,26.148697838601276,25.47732633350925,25.654736099136212,5727200,MPC
2013-11-14,27.432310104370117,27.62015530417659,26.22175303471775,26.22175303471775,13853000,MPC
2013-11-15,27.425350189208984,27.65493964126748,27.042703756412696,27.449702998337493,9410800,MPC
2013-11-18,27.079126358032227,27.719121845869616,26.995193354634853,27.537263892296224,6683200,MPC
2013-11-19,27.56873321533203,27.890478534234912,26.83431362455585,27.09660652613173,10812800,MPC
2013-11-20,27.06863021850586,27.684145025614413,26.87628100747769,27.631685907317493,5748000,MPC
2013-11-21,27.55125617980957,27.617704593354716,26.865797462809827,27.00568759587112,5360400,MPC
2013-11-22,28.065343856811523,28.128294267516686,27.726111236243796,27.73310720864531,6741200,MPC
2013-11-25,28.600421905517578,28.712333453796134,27.88698478467362,28.170262975770726,9178400,MPC
2013-11-26,28.519989013671875,29.138999227349625,28.512993040533157,28.743812126835287,9426600,MPC
2013-11-27,29.495704650878906,29.953844653176514,28.519977575719697,28.519977575719697,11929200,MPC
2013-11-29,28.93616485595703,29.600641031916375,28.894199680920835,29.600641031916375,3893800,MPC
2013-12-02,30.569374084472656,30.859642957318968,29.173973496330298,29.320856926182486,12023200,MPC
2013-12-03,30.422483444213867,30.877125613322388,30.212649623156782,30.398002876226904,9649200,MPC
2013-12-04,29.11801528930664,30.02030100492966,28.76129538492711,29.408284124688517,14658200,MPC
2013-12-05,29.324342727661133,29.86641573357413,28.964127608247672,29.54117246366255,10253600,MPC
2013-12-06,30.495925903320312,31.07646891307495,29.607629461121885,29.621616070447807,12492600,MPC
2013-12-09,29.91887664794922,31.05897448598211,29.87341083948928,30.69526135920885,12114400,MPC
2013-12-10,30.604345321655273,30.79669190399374,29.111022477531677,29.841946961327828,10819000,MPC
2013-12-11,30.069263458251953,30.597344650085283,29.782489953987287,30.495924394308766,6899400,MPC
2013-12-12,29.971336364746094,30.37002138667665,29.53418150138526,30.114724440655586,6871000,MPC
2013-12-13,29.79998207092285,30.07976234149218,29.208947650140896,30.006320620808772,7480600,MPC
2013-12-16,30.198665618896484,30.54838960444985,29.8804181794977,29.8804181794977,9189200,MPC
2013-12-17,30.10774040222168,30.418997243031964,29.859436661596366,30.191676090346576,5612200,MPC
2013-12-18,30.572866439819336,30.863137952712766,29.876916540724462,30.240629761425517,7972000,MPC
2013-12-19,29.97482681274414,30.705750947926752,29.9048831194683,30.47493195739092,6993000,MPC
2013-12-20,30.51691436767578,30.8001899295425,29.883912167645427,29.90139943341736,11507400,MPC
2013-12-23,31.045000076293945,31.45767452655338,30.719756631020136,30.842162172546026,4906600,MPC
2013-12-24,31.247835159301758,31.258326451147955,30.796690932641006,31.02751002598551,1793400,MPC
2013-12-26,31.31427574157715,31.408700012783687,31.100943966730508,31.174385659487015,2618400,MPC
2013-12-27,31.17089080810547,31.43318373783158,30.695266082080924,31.43318373783158,3128800,MPC
2013-12-30,30.950572967529297,31.289805663122117,30.597350992221255,31.15341352112657,3245200,MPC
2013-12-31,32.0801887512207,32.1571258020761,31.170904073332345,31.188391343362042,6417400,MPC
2014-01-02,31.29330062866211,32.1116534016217,31.065979524557108,31.996243856250878,6062800,MPC
2014-01-03,30.866641998291016,31.56259203399947,30.698773298791345,31.40171930891112,4357400,MPC
2014-01-06,31.02400779724121,31.478649948412546,30.821167288676666,30.971548677001184,4191600,MPC
2014-01-07,31.12543296813965,31.282807685537172,30.254621040054598,31.034503989905776,7553600,MPC
2014-01-08,31.013526916503906,31.20937151840802,30.467958286523828,31.20937151840802,8400400,MPC
2014-01-09,31.8388671875,32.12564070589576,31.02400978306725,31.135921334924575,10654000,MPC
2014-01-10,31.814380645751953,32.12563467429778,31.209357181122297,31.82487193486542,5297800,MPC
2014-01-13,30.8316707611084,32.02073028982571,30.653310764527795,31.81439439957527,6903000,MPC
2014-01-14,31.1604061126709,31.629037633751377,30.915600393721398,31.2618263871449,6102000,MPC
2014-01-15,30.303571701049805,31.33875396200533,29.716035534758163,31.331757990924288,11636600,MPC
2014-01-16,29.971336364746094,30.35603477904886,29.614619170243532,30.17067887571137,7891600,MPC
2014-01-17,29.8244571685791,30.3035799268007,29.737026183601706,29.901396862268314,7060200,MPC
2014-01-21,30.191665649414062,30.607835286003496,30.013305709057633,30.1741783867232,5157400,MPC
2014-01-22,29.929386138916016,30.394519785976264,29.544690200848837,30.34555596212209,5239000,MPC
2014-01-23,29.88041114807129,30.37701845033222,29.296370201814543,30.167184642014522,8390800,MPC
2014-01-24,29.02008628845215,29.55166536721172,28.694843000760322,29.495708270404798,5447800,MPC
2014-01-27,29.20195198059082,29.373315981649384,28.457040872649483,29.020096687166944,8472600,MPC
2014-01-28,29.08653450012207,29.208937324657835,28.67735820031046,29.14598691944209,5305600,MPC
2014-01-29,30.258113861083984,30.845650182084736,28.68086082600032,29.50970484921399,15525800,MPC
2014-01-30,30.60084342956543,31.104446735253024,29.99931785181231,30.726744255987327,6661800,MPC
2014-01-31,30.443466186523438,31.04149372796047,30.14619874064718,30.335049964498072,8399200,MPC
2014-02-03,29.495704650878906,30.460943106900455,29.229916478205578,30.45394980474838,9162400,MPC
2014-02-04,29.114517211914062,29.61112455282271,28.39758208717077,29.590141970812493,10087200,MPC
2014-02-05,28.78577995300293,29.006107768139216,28.215730825890667,28.887200227430675,10008800,MPC
2014-02-06,29.14250373840332,29.19496287596046,28.554967267764983,28.792779712265798,5257800,MPC
2014-02-07,29.541175842285156,29.90838430632417,29.22292583860328,29.28937422798332,5116800,MPC
2014-02-10,28.859216690063477,29.551671225319456,28.6878527164395,29.537681948344595,6327000,MPC
2014-02-11,29.537691116333008,29.69157054263624,28.799773203008087,28.852232340900787,7002800,MPC
2014-02-12,29.44675064086914,29.94336059535649,29.32784579830925,29.579647427473194,5166200,MPC
2014-02-13,29.929386138916016,30.023810462515566,29.341849602677513,29.359334205027054,6113400,MPC
2014-02-14,30.82556915283203,31.159447069935236,29.83096855932614,30.073469051803706,5999600,MPC
2014-02-18,30.822052001953125,31.328139022208745,30.586582000550127,30.923972453606883,5360000,MPC
2014-02-19,30.58306312561035,31.310561790043447,30.51277446175176,30.74824443515276,6390000,MPC
2014-02-20,30.9099178314209,31.187562677731332,30.36165861565621,30.709592142480627,5420800,MPC
2014-02-21,30.684988021850586,31.099697634066523,30.635785413735224,30.899371963499394,4939600,MPC
2014-02-24,30.96965980529785,31.468716306043227,30.931000234544545,30.931000234544545,5835800,MPC
2014-02-25,31.59173011779785,32.0099550173828,30.829086920835827,30.973179524049115,9419000,MPC
2014-02-26,30.941547393798828,31.953718799795784,30.769338261960765,31.535496622474774,6570400,MPC
2014-02-27,29.57440757751465,30.927484487578052,29.29676279274028,30.927484487578052,14367600,MPC
2014-02-28,29.521686553955078,29.932880830292042,29.356505259698245,29.518171316685248,6485800,MPC
2014-03-03,29.3002872467041,30.045356982206187,29.124562847751115,29.43735206338011,6215200,MPC
2014-03-04,29.764190673828125,29.841509815317266,29.13509719147826,29.556834550621726,7198400,MPC
2014-03-05,30.287853240966797,30.4916941585378,29.556839200854952,29.595498777681907,6024200,MPC
2014-03-06,31.4476261138916,31.63037823054498,30.403823203269155,30.403823203269155,9341000,MPC
2014-03-07,31.630380630493164,31.841249298428334,31.345708062847713,31.630380630493164,8229800,MPC
2014-03-10,32.009952545166016,32.30165564892466,31.581184644478114,31.63038725458907,8210000,MPC
2014-03-11,32.083763122558594,32.23840146149878,31.55307465320252,32.066189609009314,7221600,MPC
2014-03-12,33.21189880371094,33.275159670590675,32.0240032826809,32.045089344527305,10844000,MPC
2014-03-13,32.526573181152344,33.22243999699839,32.378962712370736,33.166209608071405,8558800,MPC
2014-03-14,33.029151916503906,33.275164948199276,32.477377532837764,32.51603442524051,6533400,MPC
2014-03-17,32.885047912597656,33.34544475581924,32.79367051882612,33.13457611594204,7592200,MPC
2014-03-18,33.08536911010742,33.268123873276615,32.60037103493973,32.89207131855152,6144000,MPC
2014-03-19,32.21027755737305,33.036181560107515,32.07672532011431,32.997521984200105,5648400,MPC
2014-03-20,32.30164337158203,32.53008282541048,31.89044645574253,32.15754815292457,5188400,MPC
2014-03-21,31.872879028320312,32.88856541555685,31.74284206212247,32.568745855992056,9785400,MPC
2014-03-24,31.49332618713379,32.27705548481208,31.303543519371043,31.97832455052204,7325000,MPC
2014-03-25,31.855310440063477,32.2419034797003,31.626868245306003,31.637411277452514,5048400,MPC
2014-03-26,31.314085006713867,32.18567913988896,31.28245590432035,31.92912035688467,5223400,MPC
2014-03-27,30.677953720092773,31.25784454284555,30.484655885395025,31.19458367706633,6870400,MPC
2014-03-28,30.811511993408203,31.06104029001409,30.621729342185155,30.84314377594933,4366200,MPC
2014-03-31,30.590089797973633,31.082118427838868,30.505742875560834,30.92748016896514,5580000,MPC
2014-04-01,31.468708038330078,31.489794096349893,30.600629565313817,30.62874609690026,8849800,MPC
2014-04-02,30.63227081298828,31.155928639469124,30.4881755550218,31.155928639469124,7907800,MPC
2014-04-03,30.63578987121582,30.84665860544017,30.604160767685816,30.772854682528717,5124400,MPC
2014-04-04,30.61118507385254,31.064554275487822,30.396801125451177,30.8853146652271,5920600,MPC
2014-04-07,29.901254653930664,30.618210290468625,29.577922508435307,30.502231581321162,5032000,MPC
2014-04-08,29.48655891418457,30.045361296042557,29.103478275167717,29.93992825033788,7488200,MPC
2014-04-09,29.915313720703125,30.354624587059746,29.275677206541513,29.486545886124546,6291400,MPC
2014-04-10,29.70796012878418,30.484661484921467,29.500606669239634,29.859083186941085,6598400,MPC
2014-04-11,29.272167205810547,29.950463412070267,29.050755454837518,29.641186790765595,7891400,MPC
2014-04-14,29.72201156616211,29.816901519774532,29.279185526176644,29.500599886839552,5615200,MPC
2014-04-15,30.428428649902344,30.45302995129328,29.736074291890716,29.80285040195501,7725000,MPC
2014-04-16,31.201608657836914,31.254326488124196,30.375704921136943,30.635776154189905,6155400,MPC
2014-04-17,31.5987491607666,31.77798604029605,31.089147013458327,31.117263548759553,5593800,MPC
2014-04-21,31.679590225219727,31.820170261997067,31.138358826498727,31.236764047840513,3252200,MPC
2014-04-22,31.767454147338867,32.076728100060464,30.857203118892258,31.46169275175611,6409800,MPC
2014-04-23,31.925601959228516,32.14701637943862,31.735822000964237,31.76393586208494,4273800,MPC
2014-04-24,31.890457153320312,32.17513244921672,31.58118323480758,31.99237760724112,4380400,MPC
2014-04-25,31.88693618774414,32.21026829201612,31.78852831652455,31.80258658384163,4442400,MPC
2014-04-28,32.656620025634766,33.08890320524271,31.67959284530527,32.01346811409134,7105600,MPC
2014-04-29,32.81829071044922,33.24354347208546,32.709342431409866,32.93778470669328,4785400,MPC
2014-04-30,32.66716003417969,33.13458751225705,32.6144448670847,32.79368179788997,9770800,MPC
2014-05-01,33.542266845703125,34.18893120636819,31.1840462456567,31.278936220693502,11076200,MPC
2014-05-02,33.651214599609375,34.090525495165636,33.1837871632157,33.60903978835324,5491600,MPC
2014-05-05,33.672298431396484,33.99914582326723,33.18730020015053,33.50711711660772,6481600,MPC
2014-05-06,33.9815788269043,34.3365401164087,33.50360833586717,33.59498307581468,7757400,MPC
2014-05-07,33.45792007446289,34.02375277895621,33.26462486991834,33.90426149047497,5786000,MPC
2014-05-08,32.610923767089844,33.784761086656935,32.445742456306775,33.457913702712325,6225000,MPC
2014-05-09,32.083763122558594,32.74800117832738,31.876406924312274,32.74800117832738,4853400,MPC
2014-05-12,32.340309143066406,32.740963139655015,32.185673533841175,32.322738316355355,4840800,MPC
2014-05-13,32.24894332885742,32.881549573589375,30.238655720825463,32.505499456796095,5439600,MPC
2014-05-14,32.270015716552734,32.68472524084068,31.60577796648805,32.21729788150909,5395400,MPC
2014-05-15,31.595237731933594,32.059149894961145,31.324620739385438,32.04860686328745,5937400,MPC
2014-05-16,31.2965030670166,31.64443647653928,31.12429129953636,31.577660375624884,4317600,MPC
2014-05-19,31.38477897644043,31.631960452931533,31.10935042056045,31.176442958958226,4882200,MPC
2014-05-20,31.2965030670166,31.893266783927317,31.19409965030106,31.292973865577615,4671600,MPC
2014-05-21,30.964580535888672,31.533094530347416,30.618527485069244,31.356537456144007,5646400,MPC
2014-05-22,30.689151763916016,31.727305522621812,30.63971330488513,30.91514460214089,7462200,MPC
2014-05-23,30.770360946655273,30.929261206229416,30.43843284686872,30.67502132972012,4626000,MPC
2014-05-27,30.703277587890625,30.97870891770012,30.5620340678416,30.791556134944994,5095000,MPC
2014-05-28,30.851585388183594,31.48718926509377,30.7103391841878,30.851585388183594,7548400,MPC
2014-05-29,31.71318817138672,31.77321963803341,30.73153104188342,31.232952602499843,5173200,MPC
2014-05-30,31.564878463745117,31.780278343597754,31.338885588825562,31.607253138060376,4274200,MPC
2014-06-02,31.681394577026367,31.79085907589061,31.30356263244541,31.73436222597719,3391800,MPC
2014-06-03,31.1058292388916,31.713186106709557,31.074050253366234,31.695532012766886,4737400,MPC
2014-06-04,31.017559051513672,31.41657993769757,30.80922290609417,31.074058633080654,5623800,MPC
2014-06-05,31.03873062133789,31.342408969637233,30.79508102480667,31.116416156118678,8724600,MPC
2014-06-06,30.964580535888672,31.21175936215458,30.667963250322426,31.21175936215458,4150400,MPC
2014-06-09,30.89749526977539,31.289452282435793,30.710345158046113,30.8869022738734,4777200,MPC
2014-06-10,30.25835418701172,30.915146760854384,30.071204107355523,30.897489974678496,8261200,MPC
2014-06-11,30.25835418701172,30.33250783966527,30.018236442875182,30.05001542513499,4279000,MPC
2014-06-12,30.597332000732422,30.664421836152712,29.961725653275906,30.406650096495465,8324400,MPC
2014-06-13,30.516136169433594,30.77744268267115,30.420796496907826,30.653850526442042,4127400,MPC
2014-06-16,30.32192039489746,30.615003163105097,30.276013820057557,30.50553861211361,3916200,MPC
2014-06-17,30.57261848449707,30.604397459377445,29.954668828498335,30.276001248713392,7714600,MPC
2014-06-18,31.3000431060791,31.384789761461303,30.29013625811188,30.593814691783006,6750000,MPC
2014-06-19,31.64609718322754,31.692001061704875,31.342418740260086,31.416572402745487,5882600,MPC
2014-06-20,31.642568588256836,31.854436602327947,31.423636780422843,31.769689935509096,7134000,MPC
2014-06-23,31.42009925842285,31.83677407652627,31.33888181594159,31.709652762932194,3866200,MPC
2014-06-24,30.52671241760254,31.557807621886003,30.477276659854667,31.448340420547073,6239800,MPC
2014-06-25,28.591655731201172,28.99067378677542,27.52878128965705,28.51397018015811,27575000,MPC
2014-06-26,28.577524185180664,28.828234872582897,28.280906940645647,28.478652668351252,9658200,MPC
2014-06-27,28.03727149963379,28.690532311926543,27.952524835445814,28.61284674723428,14643600,MPC
2014-06-30,27.567628860473633,28.079643435524414,27.521724978712182,28.019614660748395,7769600,MPC
2014-07-01,27.758302688598633,27.885423994191182,27.496998980012656,27.63824248040697,5785400,MPC
2014-07-02,28.20676040649414,28.36919260991252,27.609999259903176,27.63471714533538,6280200,MPC
2014-07-03,28.566932678222656,28.602243551204886,28.083165366820698,28.252661328801075,4323400,MPC
2014-07-07,28.061992645263672,28.602257069982294,27.924278289709836,28.40451393258154,5309400,MPC
2014-07-08,27.482873916625977,28.1326026352642,27.472280923568388,28.100823656091425,6528800,MPC
2014-07-09,27.574691772460938,27.761844596669782,27.253359190913635,27.571162569511227,5026800,MPC
2014-07-10,27.334579467773438,27.50407282441864,27.09092973679159,27.2886728842271,6558600,MPC
2014-07-11,27.84657859802246,28.097289289846838,27.518182371877078,27.797142838735788,5679600,MPC
2014-07-14,27.57115936279297,27.99842725219459,27.46169212097846,27.973709364181197,4876800,MPC
2014-07-15,27.903078079223633,28.12200981526705,27.278067238555884,27.352220884462426,6494600,MPC
2014-07-16,27.69474983215332,28.13261073354153,27.542910601842788,27.977242300560587,5106600,MPC
2014-07-17,27.101516723632812,27.73712340519378,27.066205840001142,27.549970603255243,5251400,MPC
2014-07-18,27.15802001953125,27.42638492719739,27.11211343986744,27.302795470502705,5385800,MPC
2014-07-21,26.81195068359375,27.24981136366126,26.78370091222256,27.20743940065095,5123200,MPC
2014-07-22,26.762527465820312,27.1897953552601,26.723684685503265,26.97086356565926,5201600,MPC
2014-07-23,27.052078247070312,27.302788998088204,26.79077450142521,26.939081814301016,4275000,MPC
2014-07-24,27.34163475036621,27.624127210060525,27.101516967840375,27.126234856010047,5539800,MPC
2014-07-25,27.747709274291992,27.779488253184216,27.246287850980824,27.366345363303058,6114600,MPC
2014-07-28,27.46875762939453,28.0196149932605,27.415789953473283,27.835996769987812,5551600,MPC
2014-07-29,28.118478775024414,28.422157159336304,27.670024990218057,27.722992651490536,8096600,MPC
2014-07-30,27.888961791992188,28.295040982634074,27.70534089214498,28.10082978146788,6335200,MPC
2014-07-31,29.47796630859375,30.007637459585844,28.701113670710612,28.72936344533475,15821400,MPC
2014-08-01,29.509754180908203,30.399600797459154,29.248450421975814,29.552128855619237,13103200,MPC
2014-08-04,29.827547073364258,29.972322446739028,29.234315305141962,29.485025981217618,6394000,MPC
2014-08-05,30.02529525756836,30.29719465733476,29.407345505068324,29.49915593691581,7867000,MPC
2014-08-06,30.632659912109375,30.833934918467374,29.89818165611787,29.89818165611787,7819200,MPC
2014-08-07,30.54436683654785,30.918666885975977,30.2442204180038,30.75623473822327,4041200,MPC
2014-08-08,30.89749526977539,30.96811703848719,30.43491648840319,30.66443858374043,3274400,MPC
2014-08-11,30.75271987915039,31.19411270800981,30.682098104152097,31.05286915801322,3574400,MPC
2014-08-12,30.569101333618164,30.89396580574908,30.39254420388858,30.720940572947526,3156600,MPC
2014-08-13,30.872770309448242,30.985766729932262,30.254820545603437,30.72799221449053,4500000,MPC
2014-08-14,31.3953800201416,31.53662352333151,30.922205663504567,30.98576631755888,4561600,MPC
2014-08-15,31.45541000366211,31.589592414538092,31.06345307073408,31.51190686832933,6883400,MPC
2014-08-18,31.991609573364258,32.01646968075379,31.469604212501423,31.469604212501423,5004400,MPC
2014-08-19,32.52783203125,32.58109867447597,31.970313611893435,31.988070062720094,4185800,MPC
2014-08-20,32.421295166015625,32.64501177307055,32.225985081818365,32.4248442880894,3996000,MPC
2014-08-21,31.980972290039062,32.456817625460125,31.93125746967105,32.456817625460125,4766000,MPC
2014-08-22,32.112369537353516,32.20469824078111,31.721751851051465,31.998735252079193,4416400,MPC
2014-08-25,32.16917037963867,32.35737953244513,32.04843519292709,32.17272221138131,3758600,MPC
2014-08-26,32.112369537353516,32.24376028033683,31.69334260241912,32.17628899214877,3747800,MPC
2014-08-27,32.027122497558594,32.22242985190276,31.853118001170674,32.20467611564595,4036400,MPC
2014-08-28,32.23665237426758,32.28991903113463,31.888648606678316,31.888648606678316,2681800,MPC
2014-08-29,32.318328857421875,32.38579742869613,32.02358903214272,32.130122347793304,3281200,MPC
2014-09-02,31.785663604736328,32.40354971188403,31.391494180541823,32.22599601483261,5939200,MPC
2014-09-03,32.108802795410156,32.19047866999118,31.767900097872904,31.949005587245566,5477600,MPC
2014-09-04,32.30411148071289,32.53493176732235,31.895737544289027,32.07684302569075,6374400,MPC
2014-09-05,32.538490295410156,32.538490295410156,32.01293285722108,32.25085416652633,4692600,MPC
2014-09-08,32.808372497558594,32.98592619771174,32.32897804899598,32.460368762440915,4197400,MPC
2014-09-09,32.57044219970703,32.847425462014236,32.304111722988,32.68052459645638,5835800,MPC
2014-09-10,32.112369537353516,32.60241688461372,31.526441653272908,32.56690667845082,9845800,MPC
2014-09-11,31.569046020507812,32.27570893461097,31.427002529371666,31.934806181436766,9593600,MPC
2014-09-12,30.844633102416992,31.604562823223787,30.706141414651118,31.55129616425503,8177200,MPC
2014-09-15,31.437654495239258,31.505125761347287,30.43980366955739,30.777154581589183,8076400,MPC
2014-09-16,31.313365936279297,31.90639455496974,31.235241886534872,31.281404866268375,5515600,MPC
2014-09-17,31.316911697387695,31.501566289779483,30.73453597851283,31.476708888702635,7038400,MPC
2014-09-18,31.01154136657715,31.569060082490438,30.72745425776235,31.37374985652333,5808400,MPC
2014-09-19,31.47671127319336,31.554835313711248,31.093194733880313,31.14290953980011,7755200,MPC
2014-09-22,30.567644119262695,31.476718151008875,30.539234878457048,31.345327444223493,5316800,MPC
2014-09-23,30.07758903503418,31.08254340468866,30.052731630909513,30.57473982678141,9688800,MPC
2014-09-24,30.00302505493164,30.13086394243622,29.459711137664478,29.971066687682796,7517400,MPC
2014-09-25,29.928449630737305,30.04918754906348,29.63726168675035,29.946206083485194,5772400,MPC
2014-09-26,30.18768882751465,30.39720094855981,29.864539707489527,29.900049915043176,4074400,MPC
2014-09-29,29.96750831604004,30.34037210811253,29.750892621103294,29.967508316040036,5058200,MPC
2014-09-30,30.06694221496582,30.28355794071484,29.800611671102704,29.99592182030408,5853600,MPC
2014-10-01,29.27505874633789,30.198337565068908,29.221792087530275,30.159275529226978,5749600,MPC
2014-10-02,28.745935440063477,29.47390650367502,28.49380957700996,29.27149544689945,8016600,MPC
2014-10-03,28.699785232543945,28.84182876049201,28.37308701474186,28.838276927248195,10040600,MPC
2014-10-06,28.721080780029297,29.008719568685056,28.10674659695469,28.72818444403532,5227600,MPC
2014-10-07,28.699785232543945,29.381590915588717,28.653622237394178,28.653622237394178,7017600,MPC
2014-10-08,29.921348571777344,29.956858767896087,28.532877416723867,28.824065359704427,7957000,MPC
2014-10-09,29.047779083251953,30.155712158114348,28.909287448894155,29.843218700198708,5595600,MPC
2014-10-10,28.973207473754883,29.885835966901162,28.51867049785973,29.15786481349609,6955000,MPC
2014-10-13,28.344682693481445,29.60176366402626,28.284315064119752,28.95191623947035,6491200,MPC
2014-10-14,27.851070404052734,28.72108235394054,27.488862088262824,28.46185549784927,10668800,MPC
2014-10-15,27.084041595458984,28.120957315690728,26.73248601001388,27.49596750103474,9307800,MPC
2014-10-16,27.858173370361328,28.362427917919423,26.505215095576638,26.629502138925538,10641200,MPC
2014-10-17,28.142253875732422,28.59323896028135,27.709022530852536,28.046376095609137,6795400,MPC
2014-10-20,28.635848999023438,28.909283104203066,28.124493681780866,28.124493681780866,5336600,MPC
2014-10-21,30.16636848449707,30.2729017738545,28.660714069819676,28.660714069819676,7357800,MPC
2014-10-22,29.676334381103516,30.603165195157885,29.651476963875268,30.20189468582896,4257000,MPC
2014-10-23,30.01721954345703,30.48240923806912,29.928442718729308,30.12375281683177,4831600,MPC
2014-10-24,30.464662551879883,30.542786609208214,29.644365368441015,30.11665612630485,3485400,MPC
2014-10-27,30.688383102416992,30.738097925312925,29.694083935243718,30.187683040606643,6976800,MPC
2014-10-28,31.647165298461914,31.778553272793026,30.41139063416744,30.766497953771687,6601600,MPC
2014-10-29,31.039936065673828,32.04488784928572,30.592500027318415,31.917048981184173,7878000,MPC
2014-10-30,32.19047546386719,32.67697070339404,31.405688700421006,31.78565338153302,14001400,MPC
2014-10-31,32.279266357421875,32.446167285218564,31.505132041373525,32.09460897418756,7236600,MPC
2014-11-03,32.534934997558594,32.85452943155255,32.353829498175784,32.44970728652318,10483800,MPC
2014-11-04,32.18338394165039,32.96462187766721,32.01293390018623,32.49942932323413,8183400,MPC
2014-11-05,32.211788177490234,32.63081496906037,31.828271579933677,32.3112178044299,6508400,MPC
2014-11-06,33.071144104003906,33.10310517197129,32.35382850169939,32.37868590600564,7233400,MPC
2014-11-07,33.40850830078125,33.40850830078125,32.79417124311107,33.12442126766983,7025400,MPC
2014-11-10,33.415592193603516,33.79910867968288,33.195427429162415,33.557635637624024,6704000,MPC
2014-11-11,33.603816986083984,33.85949478332064,33.07825947776848,33.380100268129326,5707400,MPC
2014-11-12,33.73875045776367,33.94471066402389,33.429806084492185,33.546992161518,5957400,MPC
2014-11-13,33.22030258178711,33.657083222195496,32.79772385504234,33.50438691239102,6880200,MPC
2014-11-14,32.80480194091797,33.635754192163155,32.7941491584698,33.4084858024258,7134400,MPC
2014-11-17,33.029754638671875,33.43677981712636,32.74055053103489,32.801249370907875,9015600,MPC
2014-11-18,33.51889419555664,33.79024519617439,32.96905259714584,33.176136327196154,8154400,MPC
2014-11-19,33.4903450012207,33.83667142941893,33.23684426532547,33.56175189437535,8838600,MPC
2014-11-20,33.97591018676758,34.125866255678226,33.42963698031144,33.47248273885632,6156200,MPC
2014-11-21,34.60430145263672,34.968483623437926,34.26511468626108,34.42935268964281,8871000,MPC
2014-11-24,34.31867599487305,34.76497586761329,34.240126781431044,34.51861746618123,4756400,MPC
2014-11-25,34.00447463989258,34.59716209995604,33.96163160113957,34.48290945661822,5583000,MPC
2014-11-26,34.157997131347656,34.46148041760639,33.94377379540017,34.033033745711414,3290400,MPC
2014-11-28,32.16570281982422,33.297520653006146,32.00860721608646,33.297520653006146,7651600,MPC
2014-12-01,32.41564178466797,32.56202667722882,31.865800199444926,31.91935671096615,6449400,MPC
2014-12-02,33.611724853515625,33.95805387783292,32.31210026518913,32.390649453054586,9013200,MPC
2014-12-03,34.282958984375,34.6757049273849,33.626007086971875,33.626007086971875,6801000,MPC
2014-12-04,34.515045166015625,34.66857242613417,33.73312966708468,34.632868982292266,5024800,MPC
2014-12-05,32.90122604370117,34.6864254739183,32.84052991683335,34.404363637064215,9278000,MPC
2014-12-08,31.67656707763672,32.951198877053926,31.51589755562789,32.60129872325442,7801600,MPC
2014-12-09,31.69085693359375,31.737271132114227,30.74470081361599,31.3052532529692,14885200,MPC
2014-12-10,30.369810104370117,31.594456952665208,29.866385310218583,31.23741708696982,10562600,MPC
2014-12-11,29.948497772216797,30.969631829349378,29.884230498551197,30.437643284227065,8591000,MPC
2014-12-12,29.70570945739746,30.405509843362708,28.734563516134262,28.734563516134262,7719400,MPC
2014-12-15,29.05232810974121,30.06631978546753,28.977350082226014,29.805682269438137,7761000,MPC
2014-12-16,29.348665237426758,30.04846551776761,28.56317890708084,28.830958709334723,6132200,MPC
2014-12-17,30.251989364624023,30.505487345284752,28.998778658993118,29.195148952970737,7400800,MPC
2014-12-18,30.002046585083008,30.841089364086663,29.127300379653057,30.766111351392397,6876400,MPC
2014-12-19,31.133867263793945,31.176713017396356,30.034186827971688,30.226988633186597,8382800,MPC
2014-12-22,31.165998458862305,31.276679903839415,30.566171601572364,30.86965482824949,5983400,MPC
2014-12-23,31.555179595947266,31.719417592955626,31.15886516168878,31.46591963731243,3625400,MPC
2014-12-24,31.6408634185791,31.815812132215033,31.13743606685495,31.401644717406757,2568000,MPC
2014-12-26,32.03361511230469,32.397794553179374,31.658722187994364,31.72298946861905,3188400,MPC
2014-12-29,32.51204299926758,32.57274183491375,32.119299767897054,32.17285628217428,4696200,MPC
2014-12-30,32.36208724975586,32.72626937114579,32.276398460486604,32.31210189568234,4362200,MPC
2014-12-31,32.226409912109375,32.52989316718786,32.19784607718506,32.476336657704074,3166000,MPC
2015-01-02,32.71913528442383,32.80125565763972,31.972923222236513,31.972923222236513,5359400,MPC
2015-01-05,31.808666229248047,32.59772637983086,31.365937754728506,32.43705687708005,10492800,MPC
2015-01-06,31.494483947753906,32.251409388910325,31.141015269005347,31.822959946671713,5604600,MPC
2015-01-07,31.755111694335938,32.00503839398685,31.290958996130836,32.00503839398685,7012000,MPC
2015-01-08,32.5013313293457,32.66556930425647,31.95506089183877,32.12287002733382,7000200,MPC
2015-01-09,31.594446182250977,32.55131280508271,31.54803199617226,32.44420251628634,5370600,MPC
2015-01-12,30.49834442138672,31.473064445222686,30.35195949414277,31.223134906906758,8258200,MPC
2015-01-13,28.8702449798584,30.85895700698551,28.64173967406268,30.32696834730468,12575200,MPC
2015-01-14,27.71700668334961,28.577474156915592,27.120750699226143,28.566763395667596,14329400,MPC
2015-01-15,27.438505172729492,27.93479022413132,26.863670937825702,27.838390686922587,9460400,MPC
2015-01-16,27.691993713378906,28.095450251490465,27.506334298422185,27.570601542829568,9135800,MPC
2015-01-20,28.713144302368164,28.82739694628018,27.656306665182534,27.656306665182534,7446200,MPC
2015-01-21,28.902366638183594,29.187999527439338,28.570319562122563,28.730989083827836,7159200,MPC
2015-01-22,29.980627059936523,30.08773734631037,28.902365532059555,29.17014533398968,7920400,MPC
2015-01-23,31.119604110717773,31.598036347901076,29.837829242385734,30.052052672826,9278000,MPC
2015-01-26,31.48734474182129,31.623018902021776,31.116022976853923,31.116022976853923,6269200,MPC
2015-01-27,31.662290573120117,31.75155052593969,31.194569292024763,31.237412326019705,4695800,MPC
2015-01-28,31.880084991455078,32.33709551284087,31.380228712190274,31.776543119578985,8432200,MPC
2015-01-29,32.13716506958008,32.57632266087726,31.487352501743153,32.24427541487277,5209200,MPC
2015-01-30,33.058319091796875,33.34395206733895,31.708708866556364,31.78368690973662,9757800,MPC
2015-02-02,33.54031753540039,33.55816788985856,32.47990896148064,33.15114276184858,6282800,MPC
2015-02-03,34.211544036865234,34.211544036865234,33.30466286955152,33.59029571991687,8428600,MPC
2015-02-04,34.343650817871094,34.70783012607116,33.68669633037712,34.279383560659696,9119600,MPC
2015-02-05,34.7399787902832,35.07916556107099,34.350803933991905,34.61144422526937,6988400,MPC
2015-02-06,35.3040885925293,35.67541024987107,34.55787684171534,34.75424706477305,9894200,MPC
2015-02-09,35.764678955078125,35.86464967118493,35.06845237933596,35.225550775502484,8388200,MPC
2015-02-10,36.482322692871094,36.63584989824008,35.264815806852376,35.87535619201539,9031600,MPC
2015-02-11,36.0324592590332,36.41449177102739,35.77182170662475,36.13242997634043,5344400,MPC
2015-02-12,36.2038459777832,36.39664784838894,35.77539646843771,36.37165516464365,6356200,MPC
2015-02-13,37.12957000732422,37.15468653694494,36.379657501511566,36.512417865219064,5890600,MPC
2015-02-17,37.251564025878906,37.53502356904761,36.508829231119144,37.05421790800942,6645800,MPC
2015-02-18,37.54219436645508,37.56731089343269,36.777931984853794,37.079330308585185,4855800,MPC
2015-02-19,37.90818405151367,37.98712249586314,37.233621154342835,37.369970371854215,5253800,MPC
2015-02-20,37.87947463989258,38.3746301870658,37.43096328783479,37.91176888073868,6478600,MPC
2015-02-23,38.15934371948242,38.79802342060134,37.72877393417635,37.86512039410756,5051000,MPC
2015-02-24,37.73952865600586,38.317211333266314,37.36995584431028,38.266978295025865,5082400,MPC
2015-02-25,37.552955627441406,38.2059879739942,37.29461267935534,37.81488469494841,5200000,MPC
2015-02-26,38.40692138671875,38.866196536859555,37.5708956356834,37.5708956356834,6895400,MPC
2015-02-27,37.67495346069336,38.82673028084932,37.657011911666046,38.43562969701736,4386200,MPC
2015-03-02,36.51958465576172,37.3484326849172,36.33300515433773,37.3484326849172,9264000,MPC
2015-03-03,36.87480545043945,37.197734148074304,36.54470177618865,36.820986282080185,7101000,MPC
2015-03-04,36.602108001708984,36.96091701293543,36.19665206702597,36.598519145097974,5459200,MPC
2015-03-05,36.508819580078125,36.97885854339058,36.483703056943014,36.72769331203943,3759600,MPC
2015-03-06,35.339111328125,36.81740596607425,35.296055983449435,36.243311891262664,4593600,MPC
2015-03-09,35.798377990722656,36.559054168101156,35.41445241375475,35.55438772533678,5025800,MPC
2015-03-10,34.488731384277344,35.43239832375571,34.445673307144794,35.421634488846614,6255000,MPC
2015-03-11,34.757835388183594,34.99464794946708,34.287793647802104,34.57484199708094,5476400,MPC
2015-03-12,34.3272590637207,35.575915686093815,34.255498353093955,35.12381554415753,4567200,MPC
2015-03-13,34.51742935180664,34.91212149493722,34.25908913652452,34.63224813776396,4498200,MPC
2015-03-16,35.184814453125,35.20634485755246,33.83210554350122,34.320086068921526,4739200,MPC
2015-03-17,35.06999206542969,35.14534162944818,34.44566515106537,34.811649138797414,3544400,MPC
2015-03-18,36.24330139160156,36.38682555309972,34.92288403331074,34.98388091226136,5108200,MPC
2015-03-19,35.90243148803711,36.114130244083164,35.70149930263398,35.93472572497445,3166000,MPC
2015-03-20,36.69181442260742,36.899921592262594,35.880905198619786,36.06389858163158,7781200,MPC
2015-03-23,36.74921417236328,37.24437230460352,36.73127536630086,36.83533029644562,5235800,MPC
2015-03-24,36.49089050292969,37.050634654425124,36.41912976587735,36.62723973582442,3938800,MPC
2015-03-25,36.98603820800781,37.62471789069916,36.8496890145147,36.88557211016816,6384600,MPC
2015-03-26,36.196659088134766,37.291027879649654,36.14283991600784,37.21926715848305,4386400,MPC
2015-03-27,35.755332946777344,36.44783472743232,35.618983715484724,36.38683782790489,4887400,MPC
2015-03-30,36.921470642089844,36.98246755473173,36.02803641796194,36.02803641796194,4501000,MPC
2015-03-31,36.73845672607422,37.34125601193623,36.487291497588245,36.64157949151411,5779200,MPC
2015-04-01,36.512413024902344,37.18697311493244,36.35812500982945,36.871222107630366,5426800,MPC
2015-04-02,34.833194732666016,36.616476737992066,34.76502011465659,36.46577480673457,8617000,MPC
2015-04-06,35.35704803466797,35.75173748591834,34.79012901582857,35.03053044897699,5108200,MPC
2015-04-07,35.2494010925293,35.590271340137534,34.89059203451802,35.51850788603776,5944400,MPC
2015-04-08,35.392921447753906,35.87731307635087,35.28527764695655,35.67996975821648,4358800,MPC
2015-04-09,35.83066940307617,36.002896201826644,35.17404823128792,35.40009966870438,5468000,MPC
2015-04-10,36.03160858154297,36.06748894346272,35.690741037061095,35.913200923461254,2708000,MPC
2015-04-13,34.87983322143555,36.12131241235556,34.73630903007276,35.99572977147422,7489000,MPC
2015-04-14,35.177642822265625,35.40369155903421,34.88341948373519,35.10587936317524,6153400,MPC
2015-04-15,35.174049377441406,35.870139783603804,35.14175787818432,35.34986503866439,5412400,MPC
2015-04-16,35.88089370727539,36.12847274985397,35.0484570827664,35.16327583312988,6300400,MPC
2015-04-17,35.421627044677734,35.9777793855713,35.24581139062066,35.74814183078373,5224600,MPC
2015-04-20,35.640506744384766,36.09260421635656,35.40010531663049,35.63691788706866,4473200,MPC
2015-04-21,35.88447952270508,35.99929826334014,35.5292567341042,35.65125318586973,3214200,MPC
2015-04-22,36.645172119140625,36.66311366900281,35.91679008967288,36.09260578083843,4482600,MPC
2015-04-23,36.48729705810547,36.77075656630669,36.07825491652298,36.67028772210557,3613200,MPC
2015-04-24,37.011173248291016,37.111639396391524,36.3473767090579,36.3473767090579,4212200,MPC
2015-04-27,36.935794830322266,37.34483682142494,36.87120910870105,37.247956870245574,4899400,MPC
2015-04-28,36.781532287597656,37.13316377470154,36.64518303800894,36.82817649864291,3160400,MPC
2015-04-29,36.788700103759766,37.269505767245796,36.44783252115499,37.09010120008614,4841200,MPC
2015-04-30,35.36781311035156,37.51707886700277,35.07358975591433,37.38790737115265,10060400,MPC
2015-05-01,36.83534240722656,37.02551078648231,35.3965171931936,35.518510969510075,5698400,MPC
2015-05-04,36.32941818237305,37.02909477088704,36.272007417420134,36.752812992664985,4090800,MPC
2015-05-05,36.53752517700195,36.70257700679768,36.293534920457034,36.4908782498343,3847800,MPC
2015-05-06,36.246891021728516,36.92862880175424,35.79120470764321,36.881984608185185,4899400,MPC
2015-05-07,36.846107482910156,37.125978143882335,35.85938245448474,36.2397192258063,4755600,MPC
2015-05-08,37.63190460205078,37.86154225086218,36.49089133686434,36.97169704609219,5191200,MPC
2015-05-11,36.6989860534668,38.08398908686866,36.39758779127351,38.04093101905723,4492600,MPC
2015-05-12,36.35812759399414,36.67028976615706,36.10337345565004,36.67028976615706,3628400,MPC
2015-05-13,36.6989860534668,36.8460990653675,36.393998934582,36.605694941956486,2999600,MPC
2015-05-14,37.57088851928711,37.6641796219564,36.80303750980556,36.84968169239256,3743400,MPC
2015-05-15,37.11879348754883,37.535013281157724,36.759984453401444,37.51707173445208,3199400,MPC
2015-05-18,37.594722747802734,37.67044102187193,36.93130897196111,37.20532902105662,2567800,MPC
2015-05-19,37.59111785888672,37.67404320248746,37.071922574186296,37.071922574186296,3442600,MPC
2015-05-20,37.61636734008789,37.8399076800464,37.30989888154392,37.77140471334544,3563200,MPC
2015-05-21,37.37479019165039,37.80023855289841,37.32431042339622,37.605543057421684,4210200,MPC
2015-05-22,37.165672302246094,37.69928731234857,37.08995677043931,37.23778154659788,4338000,MPC
2015-05-26,36.21381759643555,37.129619344880815,35.943403791804556,37.02866254715374,6473000,MPC
2015-05-27,36.40130615234375,36.84478603715128,36.159737128072244,36.56355609835261,4688800,MPC
2015-05-28,37.053897857666016,37.16567075779522,36.18496967093321,36.383274210846935,3650800,MPC
2015-05-29,37.30267333984375,37.857923210357214,36.952937799583445,37.129610088467814,5635200,MPC
2015-06-01,37.33513259887695,37.82187688235514,37.194517644778614,37.194517644778614,4692800,MPC
2015-06-02,37.147640228271484,37.4180539961187,36.74021780833314,37.28104534402757,3849200,MPC
2015-06-03,36.848388671875,37.20533689387813,36.646480567075216,37.03227083919859,5167200,MPC
2015-06-04,36.174156188964844,36.76906710115322,36.04075105689137,36.534707923528536,6044400,MPC
2015-06-05,36.386878967285156,36.59599962533412,36.04074964575134,36.10925535288943,5814000,MPC
2015-06-08,36.22103500366211,36.830368451246336,36.15613556693248,36.34722758874972,3041800,MPC
2015-06-09,35.8135986328125,36.50225090347548,35.80638605885045,36.340003749612066,4973800,MPC
2015-06-10,36.7005615234375,36.862808704258605,35.990274163663706,35.990274163663706,4799600,MPC
2015-06-11,37.519012451171875,37.82187733726665,36.718587163882425,36.92049800487607,4141700,MPC
2015-06-12,36.79791259765625,37.27384082184799,36.34361935010393,37.27384082184799,4201700,MPC
2015-06-15,36.819549560546875,36.92050362100453,36.415730567924435,36.50226222677502,3648800,MPC
2015-06-16,36.913291931152344,37.064725776266826,36.394099214790366,36.72580620734227,3049600,MPC
2015-06-17,36.992610931396484,37.82188110001312,36.495050480701515,37.208941442533785,4327200,MPC
2015-06-18,37.454124450683594,37.865153331531886,37.0430955698353,37.172894453344476,3742900,MPC
2015-06-19,37.425270080566406,38.05983913472919,37.309893638828505,37.35315808523562,4295600,MPC
2015-06-22,37.41804504394531,37.648797850571285,37.16566002132017,37.612743240309186,2555400,MPC
2015-06-23,37.63438415527344,37.85071736843106,37.27383246773216,37.46853070909938,4048400,MPC
2015-06-24,37.266632080078125,37.930046032747875,37.25220967882986,37.555074603459964,3531400,MPC
2015-06-25,37.09355926513672,37.51901039676049,36.797906970333166,37.33873454015366,2812700,MPC
2015-06-26,37.47574234008789,37.69207279700974,36.89885745390828,36.94212464560905,9232200,MPC
2015-06-29,36.668113708496094,37.43969427202037,36.632059081851274,36.91328902078924,2832500,MPC
2015-06-30,37.720916748046875,38.124732858394175,37.00702323029713,37.028655450268325,3946700,MPC
2015-07-01,38.77373504638672,39.19918621616568,37.793033858368005,38.05984137985231,7556800,MPC
2015-07-02,38.94679641723633,39.47320436039408,38.79536535178669,38.85305494860068,3549800,MPC
2015-07-06,39.48762893676758,39.891447912486946,38.52135007587514,38.53577247687852,4622000,MPC
2015-07-07,40.050079345703125,40.30967698292698,38.86747033238635,39.6174157000664,6941600,MPC
2015-07-08,38.9179573059082,40.042877020740136,38.795368278825066,39.949135545031865,3632800,MPC
2015-07-09,38.49249267578125,39.45155857834867,38.38432608678321,39.42992636086531,5963200,MPC
2015-07-10,39.29292297363281,39.41550922344506,38.8025724728018,38.84583691353978,4473800,MPC
2015-07-13,42.38645553588867,43.540222587279054,42.04032624570888,42.783064593086316,14320800,MPC
2015-07-14,42.39366912841797,42.91286170076355,41.98264041453178,42.494623163296524,7000600,MPC
2015-07-15,41.47065734863281,42.46578085944547,41.283171665826146,42.17012856104064,5316100,MPC
2015-07-16,42.170143127441406,42.24946497284055,41.549993518821466,41.81680386258081,5930000,MPC
2015-07-17,42.24224090576172,42.263873128744436,41.46344786888798,41.98264322680381,4507200,MPC
2015-07-20,41.485084533691406,42.58116221176478,41.41297528216737,42.26387765395076,4103500,MPC
2015-07-21,41.211063385009766,41.932166837060386,40.89377610560101,41.47065831708324,3330400,MPC
2015-07-22,41.15337371826172,41.81679032342807,40.937043233173846,41.21106331470721,4207300,MPC
2015-07-23,40.6197624206543,41.456242390088605,40.51880561764,41.16779988305955,4170000,MPC
2015-07-24,40.61254119873047,40.95146065971572,40.02844648420524,40.73513020089597,5449000,MPC
2015-07-27,39.271297454833984,40.12219983750709,38.99006751918284,39.86981470315136,8150900,MPC
2015-07-28,39.307342529296875,39.610207367718665,38.78814998610251,39.30013270612085,6126100,MPC
2015-07-29,40.24478530883789,40.3385267785711,39.10544051554431,39.444360023816195,6782300,MPC
2015-07-30,38.89632034301758,39.393883499890045,38.038208200439506,38.40596976131827,8237400,MPC
2015-07-31,39.42271423339844,39.76163364868484,38.81699013069353,38.93957636553886,6042900,MPC
2015-08-03,38.362709045410156,39.79770355582302,38.290597040620746,39.46599658616687,6816000,MPC
2015-08-04,37.63438415527344,38.61508518551228,37.439685913906224,38.413177120742304,6719300,MPC
2015-08-05,37.266632080078125,38.36270981782063,37.2017326498568,37.87956900377482,6923700,MPC
2015-08-06,37.60554122924805,37.74254987701692,36.848380502529366,37.36036597743622,6241700,MPC
2015-08-07,36.898860931396484,37.80024021251277,36.85559648640931,37.309892414313474,5200100,MPC
2015-08-10,38.40596008300781,38.62950309358802,37.24498609471781,37.648802177326246,4898000,MPC
2015-08-11,40.28083038330078,40.324094820370604,37.684856878271596,37.764178680620624,7974900,MPC
2015-08-12,41.679779052734375,41.87447731523039,39.58136811355465,40.12219570355758,8110900,MPC
2015-08-13,41.095699310302734,42.01871112645108,40.82167914583662,41.49230577812946,4881400,MPC
2015-08-14,40.13661575317383,41.189426073226116,39.79769626969199,40.92261858133149,4516400,MPC
2015-08-17,40.52101516723633,40.832882881950034,39.72321570946043,39.93354561318788,2646400,MPC
2015-08-18,40.23815155029297,40.53551341279994,39.76672569186341,40.296174726732055,2965600,MPC
2015-08-19,39.52738952636719,40.29618011683614,38.98343462462819,40.17288223375917,4168400,MPC
2015-08-20,38.64981460571289,39.752230347575775,38.62080300986696,39.302558912058004,4835700,MPC
2015-08-21,35.08871841430664,37.772229824749026,35.08871841430664,37.612668834388835,12564700,MPC
2015-08-24,33.232017517089844,33.667180326671264,31.57114123935489,32.27465712265259,13158000,MPC
2015-08-25,31.74519920349121,34.61727958885775,31.694430315368336,34.43596134079122,8947400,MPC
2015-08-26,33.01443862915039,33.072459050392176,31.49136314610864,32.702570910719366,10292600,MPC
2015-08-27,33.84850311279297,34.24740563561025,32.84762796471881,33.61641588135276,7755100,MPC
2015-08-28,34.247398376464844,34.646298048032534,33.884761808367415,33.884761808367415,7196700,MPC
2015-08-31,34.31267166137695,34.87838379905188,33.674430553040274,34.28366007311225,7783900,MPC
2015-09-01,33.40608215332031,34.02256322171107,33.13772909685599,33.50761995124844,6551700,MPC
2015-09-02,33.95003890991211,33.99355353048462,32.9201495447662,33.85575262084225,4970500,MPC
2015-09-03,34.073341369628906,34.791363197546936,33.884771517533295,34.10235296739692,5438000,MPC
2015-09-04,33.609169006347656,34.05158621695994,33.44235645863618,33.53664277402038,3597200,MPC
2015-09-08,34.61003112792969,34.68255732687234,33.79047179973137,33.812229106074746,4154200,MPC
2015-09-09,34.414215087890625,35.50937644055776,34.34894038695697,34.84937791631647,5960300,MPC
2015-09-10,34.92915725708008,35.25553075094052,34.247401444003145,34.5085002390915,5334600,MPC
2015-09-11,34.71882629394531,34.755089399545234,33.95003849511564,34.57377110484803,3643800,MPC
2015-09-14,33.73970031738281,34.62453426339141,33.630908260622206,34.60277419202113,4081000,MPC
2015-09-15,34.2691650390625,34.37070286317319,33.507628591534086,33.79048474918479,3755400,MPC
2015-09-16,33.84850311279297,34.42146967584139,33.15224141847233,34.33443765572582,7669200,MPC
2015-09-17,33.96453857421875,34.697063144159344,33.34805481598834,33.73244865070693,5194200,MPC
2015-09-18,33.42783737182617,34.406954952553704,33.1739928928812,33.27553068445919,6192300,MPC
2015-09-21,33.485862731933594,34.414214320819646,33.398830721527865,33.7179527041784,3244700,MPC
2015-09-22,33.319053649902344,33.826745501721255,32.883890786456426,32.98542860348061,4515800,MPC
2015-09-23,33.551143646240234,34.23290235968051,33.319056397702596,33.435100021971415,3288600,MPC
2015-09-24,33.84850311279297,34.07333882868107,33.03619780275222,33.42059452776723,3582100,MPC
2015-09-25,34.327186584472656,34.631800042168805,33.79773464128027,34.04432767371443,4736100,MPC
2015-09-28,32.6590576171875,34.58828459105727,32.32543254477127,33.899277131366674,4127900,MPC
2015-09-29,33.0289306640625,33.79771821704938,32.70255728463565,32.91288710323259,5439400,MPC
2015-09-30,33.601905822753906,34.12410060093367,33.05069668833962,33.464102155801605,5986900,MPC
2015-10-01,34.762332916259766,34.8131018017182,33.38431319659638,33.71794085821905,5413300,MPC
2015-10-02,35.09596252441406,35.132225623654804,33.87025206321538,34.02981025321407,4639200,MPC
2015-10-05,36.68431854248047,36.749590472241636,35.33530999346433,35.502122491815044,4987200,MPC
2015-10-06,36.29265594482422,37.03968613340703,36.22738127429877,36.604523507701735,5707600,MPC
2015-10-07,36.4739875793457,37.083217139384935,35.48761564721576,36.742337871655394,4950100,MPC
2015-10-08,37.04696273803711,37.21377527064384,36.162128396933575,36.41597295379205,3570800,MPC
2015-10-09,36.0025634765625,37.17025384489828,35.5238832450327,37.03970443932671,4880600,MPC
2015-10-12,36.09684753417969,36.336186251750014,35.78497983651404,36.176628028935696,2779000,MPC
2015-10-13,35.37882995605469,36.34344475309514,35.26278634112557,35.94454499969492,3816400,MPC
2015-10-14,35.241024017333984,35.68344110094132,34.90014473651569,35.40783651715849,3635900,MPC
2015-10-15,36.336181640625,36.37969902315976,35.19750308125685,35.407832946795516,4517500,MPC
2015-10-16,37.083213806152344,37.133982701034114,36.32167761622853,36.72057726174126,4642600,MPC
2015-10-19,35.581905364990234,36.89464812972665,35.393332777401916,36.742341416696085,4341600,MPC
2015-10-20,34.33442687988281,35.43684226658032,34.10959123455927,35.2990386140574,5012300,MPC
2015-10-21,33.92826843261719,34.733321866800765,33.76871026159924,34.46497164430517,4863800,MPC
2015-10-22,34.559268951416016,34.84937657026194,34.066082956010504,34.24014697397852,5531100,MPC
2015-10-23,35.241024017333984,35.516628601116814,34.53025663111311,34.68981761646595,3314200,MPC
2015-10-26,35.3353157043457,36.20564144219422,35.17575469461438,35.248280917202415,3702700,MPC
2015-10-27,35.52388381958008,35.560146929114715,34.8276221564026,35.05970937746176,5123100,MPC
2015-10-28,36.147613525390625,36.34343760582881,35.35706568956125,35.552889769999446,5051600,MPC
2015-10-29,37.162994384765625,37.264532174791924,35.422337860409016,35.502118343057475,4959700,MPC
2015-10-30,37.56914138793945,38.2726570934184,36.481231872265354,37.28628535653571,5376700,MPC
2015-11-02,38.381465911865234,38.70783948595219,37.25729272707538,37.547403185530094,4317200,MPC
2015-11-03,39.621681213378906,40.15838190683671,38.24366083462323,38.35970445213016,6035300,MPC
2015-11-04,39.744972229003906,40.18013782459569,39.266292010541406,39.628928623518995,4567700,MPC
2015-11-05,40.3614616394043,40.5572830024428,39.56365932195507,40.035088089843164,5881400,MPC
2015-11-06,40.59353256225586,40.64430145325499,39.940785725557,40.2163902529073,3043300,MPC
2015-11-09,39.39684295654297,40.96343307533415,39.33882253487554,40.5790391358565,3187300,MPC
2015-11-10,39.72322082519531,39.91179067464069,39.041464887418094,39.39684727163774,2645100,MPC
2015-11-11,39.78124237060547,40.52102152388238,39.491134688948705,39.955309192958154,3078200,MPC
2015-11-12,39.67969512939453,39.96255122774698,38.53376494033876,39.215520735513834,5816900,MPC
2015-11-13,38.93266296386719,39.92628640598153,38.84563096042953,39.62167301060097,4016900,MPC
2015-11-16,39.231807708740234,39.34124942924853,38.37814781567094,39.03480927187809,4258500,MPC
2015-11-17,39.58932113647461,39.939542434522245,38.94725525106241,39.1442536874807,4277400,MPC
2015-11-18,40.6253776550293,40.68374600288061,39.399611733975846,39.59661012664037,3395700,MPC
2015-11-19,40.72024154663086,40.88805442398298,40.1949123421967,40.494057520657364,3560000,MPC
2015-11-20,40.80779266357422,41.128825608917076,40.66186758540406,40.83697823586612,3573800,MPC
2015-11-23,41.15801239013672,41.20908575150304,39.82280442639091,39.96872672555786,5128700,MPC
2015-11-24,41.72712326049805,42.0700468369939,40.917244361683146,41.114240051063895,3290600,MPC
2015-11-25,42.35459518432617,43.28851408899513,41.64686309128257,41.98978385150116,6586000,MPC
2015-11-27,42.73399353027344,42.98936031543014,41.887631463810806,41.931409819818754,1718100,MPC
2015-11-30,42.61725616455078,43.25932483503387,42.3472965805423,42.7996618154491,5534800,MPC
2015-12-01,43.29581069946289,43.441735794672,42.34000396996846,42.91640656523509,4660800,MPC
2015-12-02,42.325416564941406,43.77007212961996,41.97519796187359,43.12800329901727,5086600,MPC
2015-12-03,39.72065734863281,42.69751919288732,39.63310340712227,42.49322573493286,9487600,MPC
2015-12-04,40.58891296386719,41.085056639442314,39.69147734627125,40.00521534062875,7325200,MPC
2015-12-07,39.17343521118164,40.5305336515999,38.34896370200263,40.041687860314426,7250600,MPC
2015-12-08,38.47299575805664,39.05669322669071,38.3197756944069,38.53866189723354,4990900,MPC
2015-12-09,37.92577362060547,38.70646939893164,37.05022614695042,38.334363183854805,7146500,MPC
2015-12-10,38.195743560791016,38.83781225440459,37.67041715991577,38.11548740946759,4236100,MPC
2015-12-11,36.203880310058594,37.77986534892975,36.065252988645504,37.568276865360275,6665200,MPC
2015-12-14,35.01458740234375,36.057945088312984,34.715442268148,35.96309616077251,9474200,MPC
2015-12-15,35.86824417114258,36.29142658287064,35.27724890819828,35.722319105605685,9240200,MPC
2015-12-16,36.262237548828125,36.466530951089325,35.61287399167885,35.75150125988626,6943500,MPC
2015-12-17,37.44422149658203,37.867403826269864,36.38626845565102,36.430046801811734,6733900,MPC
2015-12-18,36.73649978637695,37.67771368496434,36.67813142093727,37.46612244575516,8334100,MPC
2015-12-21,37.502620697021484,37.51721070670768,36.648960399264126,36.90433010142329,5264600,MPC
2015-12-22,37.648521423339844,38.26870224362641,37.41504243647332,37.78715148530307,4619200,MPC
2015-12-23,38.45841598510742,38.4730087746716,37.597460883850886,37.954977269948266,4457700,MPC
2015-12-24,38.4073371887207,38.72837294721035,37.88930575716285,38.2687098823754,1372100,MPC
2015-12-28,37.648521423339844,38.122777181012566,37.29100794238945,38.0060376875793,2325800,MPC
2015-12-29,38.057125091552734,38.312491957933965,37.7944604385377,38.18845741806025,1927800,MPC
2015-12-30,38.15925598144531,38.80132455720084,37.83092530161073,37.889296437265294,2757700,MPC
2015-12-31,37.823638916015625,38.34896812340001,37.473420372189224,37.93308342865056,2567900,MPC
2016-01-04,37.38585662841797,38.54595646832087,36.96267425937556,37.7068895135858,5497300,MPC
2016-01-05,36.91889572143555,38.100886122089214,36.51030892117003,37.50259592173857,5485100,MPC
2016-01-06,35.54721450805664,36.32791047937178,34.970811977223406,35.97039417523907,7328500,MPC
2016-01-07,35.01458740234375,35.649358241580735,34.50385106063929,34.9051429065181,7563500,MPC
2016-01-08,33.701255798339844,35.423165012853346,33.66477523700627,35.26994498527928,5026000,MPC
2016-01-11,33.35835647583008,34.270385007795774,32.31499561259811,33.88368301760498,7508700,MPC
2016-01-12,33.84718704223633,34.350628344265935,32.92056614111072,33.715854770688516,4931900,MPC
2016-01-13,30.848440170288086,34.124446606941525,30.534702254715675,34.08066825245847,9902200,MPC
2016-01-14,31.85533332824707,32.24203254577047,30.009388419492396,31.05274931138598,9076000,MPC
2016-01-15,30.220956802368164,31.191355876733883,29.943702309653748,30.541992421936214,7876100,MPC
2016-01-19,30.060457229614258,31.35188980417051,29.51324017852889,30.93600506800882,5665000,MPC
2016-01-20,29.549720764160156,30.016678869181003,28.418806081695948,29.30894392565824,7634200,MPC
2016-01-21,28.90035629272461,29.732125745556132,28.542839936412747,29.206796498172103,7611500,MPC
2016-01-22,31.249738693237305,32.08880305083419,29.549716623137137,29.688343921360243,9569600,MPC
2016-01-25,29.746723175048828,31.541594672597387,29.673759221922737,30.768193469202135,5836500,MPC
2016-01-26,30.323116302490234,30.337709088506372,29.4548636259107,29.97289778797093,5022200,MPC
2016-01-27,29.082765579223633,30.542011195575725,28.841988716546272,30.33041991321504,8433200,MPC
2016-01-28,29.345420837402344,30.264744056636353,28.820091693103347,30.01667226997174,4811000,MPC
2016-01-29,30.490930557250977,30.490930557250977,29.07546086531716,29.593495051001835,7007500,MPC
2016-02-01,30.476337432861328,30.790075384816145,29.768602594736826,30.38878349703121,6672100,MPC
2016-02-02,29.381906509399414,30.19178815300486,29.00250237080543,29.96560411366334,6799400,MPC
2016-02-03,27.141965866088867,29.235982302844786,25.828645520677593,29.03898383353962,15690000,MPC
2016-02-04,25.493019104003906,27.244114901188613,24.894728643011977,26.981450253281903,17638100,MPC
2016-02-05,23.56681251525879,25.281427520186305,23.377111839017765,25.201168578330204,15529700,MPC
2016-02-08,22.42129898071289,23.238476789016687,21.67708370037908,23.238476789016687,17273000,MPC
2016-02-09,22.910144805908203,23.22388268418347,21.334160414629814,22.10026482727406,16889100,MPC
2016-02-10,23.107152938842773,23.836774309533663,22.72045237381257,23.07067235738397,9776500,MPC
2016-02-11,22.49427032470703,22.895562298350843,21.341466384233062,22.596417068911997,11198900,MPC
2016-02-12,23.39374351501465,23.55594497118764,22.560623095206015,22.752314830348038,7304200,MPC
2016-02-16,23.99093246459961,24.13101372131423,23.32738374862234,23.821359528845708,7469700,MPC
2016-02-17,24.300586700439453,24.462788122963683,23.880340117064236,24.226860315190976,7617700,MPC
2016-02-18,23.128320693969727,24.74295356985738,22.72281854192526,24.70608756457231,7977300,MPC
2016-02-19,23.290529251098633,23.29790217361098,22.590117081078596,22.803927615213134,5887600,MPC
2016-02-22,24.61025047302246,24.661859519383597,23.42323678175213,23.437982625352756,6627200,MPC
2016-02-23,23.305269241333008,24.68397306123448,23.290523400012788,24.41855354243384,6632400,MPC
2016-02-24,25.045238494873047,25.133710728025406,22.81866713775399,22.966121328421522,9142100,MPC
2016-02-25,25.22955894470215,25.39175758071939,24.425928841883422,24.978885257240847,6777500,MPC
2016-02-26,25.22955894470215,26.143778643103296,25.096849180017827,25.590822227745875,5919300,MPC
2016-02-29,25.251672744750977,25.767765888891798,25.155826192093635,25.31065610407284,7611800,MPC
2016-03-01,25.531837463378906,25.694036072655827,25.089470716533196,25.2369262988151,7681600,MPC
2016-03-02,25.5908203125,25.863614148647002,24.98625490195412,25.50234808015907,5810900,MPC
2016-03-03,27.515113830566406,27.618331922042458,26.11428964272328,26.637757240537912,9908200,MPC
2016-03-04,27.323429107666016,27.986975323189252,26.87369063451566,27.986975323189252,7528500,MPC
2016-03-07,27.17595863342285,27.603576697421744,26.46817526457434,27.33816004346438,6840400,MPC
2016-03-08,25.929964065551758,27.456126118777355,25.893100872836843,27.330787888569063,7230600,MPC
2016-03-09,27.323429107666016,27.58884590638573,26.232261782431742,26.438698007819063,7656700,MPC
2016-03-10,26.79258155822754,27.242319891600907,26.320725868288843,27.15384765285784,6048900,MPC
2016-03-11,27.810020446777344,27.957473231504604,26.689361845464322,27.24231822563631,5110200,MPC
2016-03-14,27.308671951293945,27.78052759246405,26.78520727515095,27.389772666960333,4473800,MPC
2016-03-15,27.006376266479492,27.198066473829524,26.482909029620338,26.822057569516723,4699900,MPC
2016-03-16,28.30399513244629,28.451450738352086,27.03588085913088,27.03588085913088,7734500,MPC
2016-03-17,27.662561416625977,28.451445529438438,27.44875096783125,28.289244111389852,7820000,MPC
2016-03-18,28.18602752685547,28.436701180392653,27.669934379869332,27.927982359603092,9248900,MPC
2016-03-21,28.326114654541016,28.45882442875394,27.898496458452026,28.060697918597146,4143700,MPC
2016-03-22,28.436708450317383,28.665264808658698,28.00909023348002,28.031207592761334,4780000,MPC
2016-03-23,27.45612335205078,28.38508865226977,27.124349026086485,28.31873378707691,5294400,MPC
2016-03-24,27.18332290649414,27.537214496664372,26.681975783966223,27.234931920947275,4945200,MPC
2016-03-28,27.264446258544922,27.463510970865222,26.85894531677365,27.29393795203297,3849700,MPC
2016-03-29,27.02850341796875,27.050620769636378,26.357583230066307,26.903168008543993,5832700,MPC
2016-03-30,26.969526290893555,27.404515928667813,26.534533840637803,27.36028121973158,5087800,MPC
2016-03-31,27.411888122558594,27.529852024680366,26.27648380683575,26.89579499609537,5148700,MPC
2016-04-01,26.829448699951172,26.999021687665955,26.475556880483516,26.74834796398276,4312600,MPC
2016-04-04,27.021135330200195,27.448753454040524,26.541905358457665,26.57876855340367,3225700,MPC
2016-04-05,26.748342514038086,27.286553055598823,26.350216056056148,26.79258003713901,4397400,MPC
2016-04-06,26.888425827026367,27.065370289395855,25.848867970040693,27.035878608173764,6859700,MPC
2016-04-07,27.618322372436523,27.692051564056065,26.674611219555057,26.726220247448197,8238500,MPC
2016-04-08,28.532548904418945,29.00440455103251,27.883745984084538,27.89112031058372,6048100,MPC
2016-04-11,28.00908660888672,28.849579902595615,27.986966439985817,28.738987495536342,4808200,MPC
2016-04-12,28.74635124206543,28.93804148960057,27.787891566947597,28.163903362565996,7376900,MPC
2016-04-13,29.240337371826172,29.424656191066752,28.55467113925266,28.908562934696732,4598800,MPC
2016-04-14,29.063385009765625,29.623715697728755,28.731613442858617,29.269823963874853,4263200,MPC
2016-04-15,27.942733764648438,29.188727954292617,27.854258707556983,29.004409137408345,7522700,MPC
2016-04-18,28.326114654541016,28.37772651116335,27.36028584635828,27.942733987350323,3663800,MPC
2016-04-19,28.2597599029541,28.761104453900746,27.64782013399708,28.62839750474073,4934300,MPC
2016-04-20,29.08551025390625,29.12237345527729,27.824770204635488,28.163916157220257,4593700,MPC
2016-04-21,30.0218505859375,30.139814519355483,28.768482035570184,29.07076479073389,8873000,MPC
2016-04-22,30.56743049621582,30.90657642852258,30.029219913429404,30.110320639085764,6155200,MPC
2016-04-25,30.361003875732422,30.63379501030554,29.911265392055064,30.449476144043192,3947800,MPC
2016-04-26,30.56743049621582,30.7370034623692,30.110320639085764,30.52319578220822,3854700,MPC
2016-04-27,30.501070022583008,31.149872896441522,30.080823441641353,30.75174366845007,6778700,MPC
2016-04-28,30.213520050048828,31.894505643066573,29.616326467670383,29.852256983995755,7923000,MPC
2016-04-29,28.812721252441406,30.220917020537804,28.075445922286594,30.01447801560657,7856200,MPC
2016-05-02,28.444080352783203,28.923307575398148,27.743668306288587,28.775851963638985,7610800,MPC
2016-05-03,28.00908660888672,28.200776926976815,27.49299339674635,27.935357400019956,5565000,MPC
2016-05-04,26.70410919189453,28.01645817482645,26.49767021917138,27.8911227382461,5744300,MPC
2016-05-05,26.60826301574707,27.323420884878132,26.453435893300693,27.07274719556799,5097900,MPC
2016-05-06,26.453432083129883,27.257062076126413,26.379702883668827,26.460803596835298,4980300,MPC
2016-05-09,25.767765045166016,26.379701909445878,25.074724658233517,26.313347038622155,6539800,MPC
2016-05-10,26.13640785217285,26.298606492681778,25.59082293641961,26.11428768245839,5512300,MPC
2016-05-11,26.468175888061523,27.028503698478794,25.848864722610244,26.11428138281979,5005300,MPC
2016-05-12,25.79725456237793,27.021131000873577,25.657170506553296,26.468174727833716,4563500,MPC
2016-05-13,26.165895462036133,26.497667018786565,25.561327271168444,25.679293991323238,6937900,MPC
2016-05-16,26.508127212524414,26.53788438920563,25.630226643826173,26.381648568862186,6189400,MPC
2016-05-17,26.835474014282227,27.415780006799235,26.433722401891664,26.515561008645747,5278600,MPC
2016-05-18,27.333951950073242,27.929138115204108,26.790841558940354,26.79828298241971,4593700,MPC
2016-05-19,26.857797622680664,27.61666097524554,26.493247372904282,26.880119052921938,6881400,MPC
2016-05-20,27.252113342285156,27.25955192769903,26.411411286942187,26.9917174436555,4728700,MPC
2016-05-23,26.4634952545166,27.59435061706936,26.448615242606053,27.088441564399123,3577400,MPC
2016-05-24,26.642045974731445,26.924757616942777,26.337012901135044,26.612285958265606,4533300,MPC
2016-05-25,26.545330047607422,26.939640372745615,26.210536923399683,26.939640372745615,4667800,MPC
2016-05-26,25.704626083374023,26.709005383288805,25.57815026675779,26.709005383288805,3698400,MPC
2016-05-27,26.121253967285156,26.136133973768345,25.34007207437947,25.786460916590993,3097300,MPC
2016-05-31,25.91294288635254,26.456050421539846,25.58558837775042,26.15845592973272,6214000,MPC
2016-06-01,27.110759735107422,27.177718368611455,25.615354037613375,25.912948594980644,7371800,MPC
2016-06-02,27.289310455322266,27.891938011512796,26.872678743108544,27.140513212526557,6626000,MPC
2016-06-03,26.38165283203125,27.31163215779156,26.16589694731766,27.266994966520937,5428400,MPC
2016-06-06,26.255170822143555,26.56020385562589,25.8311005765235,26.5453238493498,4926300,MPC
2016-06-07,27.266992568969727,27.43810840929503,26.292373299564126,26.381650512327017,5602200,MPC
2016-06-08,27.438106536865234,27.616660950206118,26.79083898380865,27.519945158842816,7202300,MPC
2016-06-09,27.490184783935547,27.653859187676115,26.63460281382833,27.043793080286534,6032100,MPC
2016-06-10,27.081003189086914,27.48275216152254,26.95452450589503,27.02148314097965,5103300,MPC
2016-06-13,25.26567268371582,26.947076564100648,25.24335409245966,26.828039347282605,8104000,MPC
2016-06-14,24.41009521484375,25.66742607934361,23.90418629985736,25.22847578069575,9838400,MPC
2016-06-15,24.700246810913086,25.704623158469374,23.822346265581473,24.09018071508212,8382500,MPC
2016-06-16,24.84160614013672,24.923444771088455,24.060424110448253,24.50681303082122,5010100,MPC
2016-06-17,24.923442840576172,25.496310374793794,24.677926966738053,24.953202856448307,7417300,MPC
2016-06-20,25.73438835144043,25.779028381364665,25.00528489110822,25.295437990436458,6165600,MPC
2016-06-21,26.18821144104004,26.322128655506642,25.518625368707035,25.74926120208194,5464000,MPC
2016-06-22,26.232851028442383,26.508126904597866,25.994776589330904,26.18821384490347,4887700,MPC
2016-06-23,27.24466896057129,27.252110383248677,26.36676839733846,26.686681458757434,5518700,MPC
2016-06-24,26.284927368164062,26.69411755354285,25.853415757279453,25.95757294940453,11571600,MPC
2016-06-27,24.499378204345703,25.92038665251863,24.432419572208886,25.91294806586875,8203000,MPC
2016-06-28,26.56020164489746,26.57508164993502,25.146632385107857,25.22103241029565,9479600,MPC
2016-06-29,27.720815658569336,28.025848688685826,26.664360767263286,26.8280379964232,9061600,MPC
2016-06-30,28.241609573364258,28.26393100556148,26.81316278788718,27.64642341274881,8066400,MPC
2016-07-01,29.21622657775879,29.34270238534255,28.00353291916657,28.018412926777234,7446200,MPC
2016-07-05,28.851675033569336,28.955832254357883,28.14489308162666,28.87399646521789,7322800,MPC
2016-07-06,27.155391693115234,28.702878390229944,26.738760004337152,28.68799838298024,10528800,MPC
2016-07-07,26.396535873413086,27.76546571167459,26.158461365721696,27.348833904178655,10002000,MPC
2016-07-08,27.081003189086914,27.43811496351419,26.3593382151829,26.723888576587534,5719300,MPC
2016-07-11,27.110759735107422,27.609230192986793,26.850366625965087,27.095879723431857,5288300,MPC
2016-07-12,27.929141998291016,28.09281644266355,27.162837043450917,27.32651432589535,5724500,MPC
2016-07-13,27.512510299682617,28.137456571610336,26.90244403876174,27.89938207164472,6007500,MPC
2016-07-14,27.817533493041992,28.107686508845863,27.48274046016411,27.713376291273516,7515800,MPC
2016-07-15,27.192598342895508,28.144899222318077,27.07356108772669,28.003540530630588,10004800,MPC
2016-07-18,27.55714225769043,27.884493889701996,26.761080349560302,27.214910619032278,6841400,MPC
2016-07-19,27.921688079833984,28.040725276145498,27.445539294587938,27.527377899190345,4975700,MPC
2016-07-20,28.12257194519043,28.256489184201882,27.363708536816016,27.750580245285608,3506000,MPC
2016-07-21,27.624107360839844,28.42760804209813,27.579467330408704,28.189533555942212,3777800,MPC
2016-07-22,28.137453079223633,28.152333088383582,27.34882962217558,27.72082133695968,4291800,MPC
2016-07-25,27.452991485595703,27.87706184119791,27.326512818482346,27.847301820927505,5337200,MPC
2016-07-26,28.72519874572754,28.844235972962565,27.21491339304476,27.37858780669832,5789700,MPC
2016-07-27,28.144893646240234,29.037671464092842,28.01097640594805,28.76239839819067,7513800,MPC
2016-07-28,28.397842407226562,28.97815133581055,27.54226327865911,28.435043844266556,6364200,MPC
2016-07-29,29.305511474609375,29.469188763201508,28.003540266809765,28.27881338465581,8334900,MPC
2016-08-01,28.86655044555664,29.439417906747362,28.673116043188678,29.112066288097363,8869100,MPC
2016-08-02,28.85910987854004,29.59565167940935,28.442478252283244,29.245981494763328,6052000,MPC
2016-08-03,30.66699981689453,30.838115675962108,28.546645205516118,28.546645205516118,10374100,MPC
2016-08-04,30.228044509887695,30.994346457394883,29.997408648119997,30.644673372343828,7258700,MPC
2016-08-05,31.180349349975586,31.388663828329907,30.213171337238073,30.35452718496823,5781200,MPC
2016-08-08,31.195220947265625,31.686249826715475,31.016663701069703,31.425856799003867,5419400,MPC
2016-08-09,30.525646209716797,31.210112597736327,30.39917035995044,31.18779115983999,3650100,MPC
2016-08-10,30.495874404907227,31.373772021358604,30.347077188568214,30.629788777734404,5790600,MPC
2016-08-11,31.17290687561035,31.552337176443466,30.473560634520002,30.562840689598488,4496100,MPC
2016-08-12,31.031536102294922,31.373767665712766,30.510747336445345,31.351449079685217,5268200,MPC
2016-08-15,30.92648696899414,31.346746021613946,30.70134931546876,31.309223556489812,4106300,MPC
2016-08-16,31.61690902709961,31.812027542900815,30.873951699513647,30.888961256541474,4935600,MPC
2016-08-17,31.67694664001465,31.849552263911193,31.354248297970525,31.66193708192184,4217500,MPC
2016-08-18,31.887067794799805,31.894571140150934,31.346735320571305,31.72946891463009,4337000,MPC
2016-08-19,31.52685546875,31.767005547237517,31.376765606018665,31.631922380554816,3460300,MPC
2016-08-22,30.843935012817383,31.37676430950697,30.408669275876893,31.309222728956488,5527100,MPC
2016-08-23,31.466815948486328,31.69945978550348,31.009034484267556,31.174136746846195,4376400,MPC
2016-08-24,31.49683380126953,31.79701633792768,31.256686626830955,31.60189783223889,4455800,MPC
2016-08-25,31.444299697875977,31.669437301115437,31.12160141688011,31.564373277122353,3486300,MPC
2016-08-26,31.406780242919922,31.789516816397096,31.07657855402904,31.534360055005806,2898100,MPC
2016-08-29,31.736982345581055,32.00714864418075,31.38426491543364,31.406777819390193,2414600,MPC
2016-08-30,32.029666900634766,32.09720848657161,31.489334213140037,31.7369876491687,2865800,MPC
2016-08-31,31.902080535888672,32.247294605883766,31.4818244098114,31.92459630177149,3362800,MPC
2016-09-01,31.45180892944336,31.96962580006712,31.061569008175116,31.932103336302585,3870600,MPC
2016-09-02,31.759489059448242,31.917085081988365,31.346736344937575,31.797011512989265,3164800,MPC
2016-09-06,32.24730682373047,32.37488380668877,31.706974042304164,31.939617959369652,4003300,MPC
2016-09-07,32.33734130859375,32.60000132426008,32.09719419061898,32.26229640776893,4288200,MPC
2016-09-08,32.607521057128906,32.91520985858258,32.06718838617391,32.48744744833676,4807200,MPC
2016-09-09,31.699464797973633,32.45742893072071,31.691958586971186,32.22478505691681,4367200,MPC
2016-09-12,32.52497100830078,32.77262158229786,30.956507830383455,31.316728668876046,6157400,MPC
2016-09-13,31.894582748413086,32.352364276494036,31.556874829109052,31.95462098419187,4355700,MPC
2016-09-14,31.421789169311523,32.292323479596874,31.151622855295305,31.86456110333134,5301700,MPC
2016-09-15,32.825157165527344,33.12533977255848,31.549373212997782,31.549373212997782,6668000,MPC
2016-09-16,32.73508834838867,32.90769393113874,31.842041325608825,32.33734517347678,7023600,MPC
2016-09-19,32.817649841308594,33.44053366807126,32.577502618715464,32.99025547862361,6621300,MPC
2016-09-20,31.932096481323242,32.975236209057364,31.932096481323246,32.91520085247821,5480100,MPC
2016-09-21,32.42740249633789,32.47243116385156,31.94710816064562,32.209768230858565,4879300,MPC
2016-09-22,32.03716278076172,32.88518408144624,32.02215322485455,32.72008182924747,5651300,MPC
2016-09-23,31.729473114013672,32.24729275794242,31.099086098242143,31.73697932313785,7784300,MPC
2016-09-26,31.129106521606445,32.02215363877602,31.099087409404078,31.887073359425585,6550300,MPC
2016-09-27,31.406780242919922,31.54936961306182,30.626303263470522,30.903972930555593,4728400,MPC
2016-09-28,31.999637603759766,32.03716005894982,31.12160012863725,31.66943599019554,5304400,MPC
2016-09-29,29.82330894470215,32.05217523718324,29.48560106318067,31.834540951004918,13820900,MPC
2016-09-30,30.461191177368164,30.761376516250444,29.65819868805456,30.100970488377165,7756300,MPC
2016-10-03,30.738866806030273,30.791398821258767,30.221050000443686,30.596280316521536,5327300,MPC
2016-10-04,31.05406379699707,31.751992459700965,30.836429512330195,30.85143906949139,4106900,MPC
2016-10-05,31.72197151184082,32.007147355859686,31.271693411372066,31.39927320847793,4099500,MPC
2016-10-06,31.789522171020508,32.044678975390376,31.249189441112318,31.977137384151852,5607400,MPC
2016-10-07,31.346738815307617,31.87206179462065,31.15161746106967,31.789510672656895,4427900,MPC
2016-10-10,31.872068405151367,31.99214200851747,31.534360501065297,31.879571752895274,3808300,MPC
2016-10-11,31.48932456970215,32.232281787480716,31.189142061852724,31.89457396121773,5130600,MPC
2016-10-12,31.264190673828125,31.511844063328727,30.731364297531933,31.37676091683389,3738600,MPC
2016-10-13,31.18915557861328,31.361761239556035,30.356143533746998,30.971521233727636,4327500,MPC
2016-10-14,31.256689071655273,31.504339612199388,30.873952514295706,31.474320497351506,4642100,MPC
2016-10-17,31.406780242919922,31.729478584173037,31.114101017778836,31.24918417750249,4100300,MPC
2016-10-18,32.06718444824219,32.29982828917426,31.631918743365123,31.691954108998377,3060700,MPC
2016-10-19,32.00713348388672,32.32232544110772,31.706948213675272,32.209755249083706,7261200,MPC
2016-10-20,32.30733871459961,32.44992810693177,31.6844577036327,31.827044233183937,3051100,MPC
2016-10-21,33.08781814575195,33.22290132432361,31.93961399067381,32.01465892864434,4808900,MPC
2016-10-24,32.855159759521484,33.26791532456441,32.69756374165761,33.1253259974479,5061700,MPC
2016-10-25,32.78762435913086,33.46304008082243,32.554983392710554,32.892691253556336,6612700,MPC
2016-10-26,33.21539306640625,33.688184162277636,32.46493228181453,32.50996095949108,6606600,MPC
2016-10-27,32.127220153808594,33.14034084509765,31.144115711588935,33.05778971890164,13679400,MPC
2016-10-28,32.13471603393555,32.29981824796636,31.429284246059247,31.93959757780956,8268500,MPC
2016-10-31,32.71257400512695,32.99024359445316,32.4048853080953,32.42739820748455,8739900,MPC
2016-11-01,31.774511337280273,33.70319542196864,31.32423598891927,33.23040430224299,12845600,MPC
2016-11-02,30.768888473510742,31.91709241996911,30.54375083772405,31.436798033549408,7099100,MPC
2016-11-03,30.90395736694336,31.114085348343576,30.025917270931394,30.926470261299375,5769600,MPC
2016-11-04,30.941490173339844,31.346739584130344,30.716352566049565,30.768884578991297,3246400,MPC
2016-11-07,31.96962547302246,31.984635030930825,31.384267028498474,31.504340628984945,7400800,MPC
2016-11-08,31.384262084960938,31.924594633429017,31.26418850338803,31.91708842426696,4412300,MPC
2016-11-09,32.69756317138672,32.95271985133603,31.091578188144428,31.159119746448056,8587700,MPC
2016-11-10,32.88519287109375,33.47055139402923,32.479943341624185,32.682568106358964,5939900,MPC
2016-11-11,32.99024200439453,33.06528977004101,32.20976241834837,32.7275819815807,6497300,MPC
2016-11-14,32.9826774597168,33.436670487452155,32.81621200255243,32.997810945496944,6751800,MPC
2016-11-15,33.16427230834961,33.550166045642236,32.369780278271215,33.05833792096675,8535100,MPC
2016-11-16,32.90701675415039,33.202112545227905,32.61948626363642,32.99024660601979,4165600,MPC
2016-11-17,32.80865478515625,33.512346171989805,32.680021567545325,33.17941517564482,3985300,MPC
2016-11-18,32.77082824707031,32.99025666734535,32.210900582821054,32.68759548339908,4892600,MPC
2016-11-21,35.6915168762207,35.77474962570472,33.97390766188945,34.35223624214916,20270900,MPC
2016-11-22,36.221160888671875,36.93242014134844,35.81256840266798,35.9033664121781,13037000,MPC
2016-11-23,36.10010528564453,36.41033454455668,35.797444213232694,35.94120800614701,4399300,MPC
2016-11-25,36.47087478637695,36.49357357696124,35.842847973644325,35.92608072101062,1987600,MPC
2016-11-28,35.6007194519043,36.947571184104376,35.53262019080195,36.71300642110337,5624500,MPC
2016-11-29,34.79108810424805,35.52504630926523,34.707855373400655,35.252649330643706,7758700,MPC
2016-11-30,35.57802200317383,35.76718630377359,33.746910072430666,35.002960912956375,11079900,MPC
2016-12-01,36.12281799316406,37.29563614065767,35.706654201043925,35.93365368271611,8711700,MPC
2016-12-02,36.168212890625,36.84163732391188,36.05471604464769,36.05471604464769,4422900,MPC
2016-12-05,36.32710266113281,36.78866391025404,36.06983915603659,36.523835104898005,4806600,MPC
2016-12-06,35.73691177368164,36.25143879353502,35.67638071121406,36.23630530631374,5347900,MPC
2016-12-07,37.56803512573242,38.05229532335251,36.05472056496041,36.20604971190285,9689700,MPC
2016-12-08,37.87825393676758,38.37007930007234,37.50749070270362,37.90851802586895,5206800,MPC
2016-12-09,37.409141540527344,38.27173341780511,37.19727838808314,37.79503843838668,6294500,MPC
2016-12-12,37.14429473876953,38.324680777113265,36.67516817547625,38.1582153022857,5550300,MPC
2016-12-13,37.2578010559082,37.6663937420919,37.02323628946982,37.31833212976508,4919100,MPC
2016-12-14,36.63733673095703,37.43939432528068,36.55410687151649,36.87946966728056,5243300,MPC
2016-12-15,36.98540115356445,37.265363482187944,36.61463789153506,36.61463789153506,5436000,MPC
2016-12-16,37.91609191894531,38.19605426858369,37.0762019836121,37.189701715680194,6769600,MPC
2016-12-19,37.409141540527344,37.66640517696058,37.08377862132005,37.59830589418652,4203200,MPC
2016-12-20,37.363731384277344,37.68909419412385,37.12160132389176,37.53019399678118,3368100,MPC
2016-12-21,37.068641662597656,37.356169352679636,36.39521425434844,37.22753899970904,8127100,MPC
2016-12-22,38.090126037597656,38.36252310911809,37.28806831438953,37.32590348598163,6110000,MPC
2016-12-23,38.42304992675781,38.58951542676232,37.734492021854656,37.938789802837086,3346400,MPC
2016-12-27,38.6803092956543,38.6954427836926,38.33981303083685,38.44574744710494,3501000,MPC
2016-12-28,38.08255386352539,38.70301246495841,38.05228688628041,38.64247851046845,3240700,MPC
2016-12-29,38.17334747314453,38.65004220689926,37.89338518220429,38.10524822546528,2684000,MPC
2016-12-30,38.09769058227539,38.29442307953515,37.832861704908346,38.165789848800955,3477200,MPC
2017-01-03,40.04985427856445,41.3059047529264,39.67909108744979,40.63248050093475,13329200,MPC
2017-01-04,38.771114349365234,40.48115826980406,38.61221415126401,40.0649974069308,10980400,MPC
2017-01-05,38.62734603881836,39.187273586920895,37.855555417258714,38.967842325744364,9534900,MPC
2017-01-06,38.11282730102539,38.77868653161916,38.052296218108786,38.67275497170121,4748300,MPC
2017-01-09,37.42425537109375,37.999316320453836,37.34859082395464,37.8706831266164,8037700,MPC
2017-01-10,37.053504943847656,37.802593974379974,37.053504943847656,37.454532346326204,5124400,MPC
2017-01-11,37.575592041015625,37.83285557437811,37.15186301947218,37.3788624620527,6681500,MPC
2017-01-12,37.26536178588867,37.62855684372619,36.87189975162693,37.537758800871245,3952600,MPC
2017-01-13,36.60706329345703,37.1821212935616,36.20603315547246,37.008090545024466,5758400,MPC
2017-01-17,36.87190246582031,37.530193376207436,36.51627268270157,36.879470653692344,5121300,MPC
2017-01-18,37.00053405761719,37.33346214892276,36.47087350012636,36.576805034340964,3751600,MPC
2017-01-19,36.59950637817383,37.09133469154073,36.266578263635296,37.03080073266934,4185700,MPC
2017-01-20,36.894596099853516,37.106462034388684,36.629767289706486,36.92486307427533,5033300,MPC
2017-01-23,36.864322662353516,36.90215492757703,36.41032682042091,36.74325768178819,8149200,MPC
2017-01-24,37.90095138549805,38.19604717033357,37.05349630584417,37.166993130402226,7319700,MPC
2017-01-25,37.58316421508789,38.06742727958999,37.19727028768313,38.05229378822258,7580200,MPC
2017-01-26,37.409141540527344,37.90097001460878,37.288076469642235,37.90097001460878,4333300,MPC
2017-01-27,37.13673782348633,37.832861081912775,36.82650559165314,37.522631736497814,5084000,MPC
2017-01-30,36.59194564819336,37.227537863661425,36.41034663530889,37.16700389722714,5473900,MPC
2017-01-31,36.35737228393555,36.77353310256606,35.47208488174432,36.72813552486459,5308900,MPC
2017-02-01,36.10010528564453,37.81015174612023,35.63854404731775,37.59072052028989,7659300,MPC
2017-02-02,36.24388122558594,36.69787439341139,35.888251416057834,36.65247392206158,4151300,MPC
2017-02-03,36.44061279296875,36.697876371649414,35.69152085061617,36.18334921428808,3778900,MPC
2017-02-06,36.59950637817383,36.88703690997685,36.16821202367831,36.46330785713124,7976500,MPC
2017-02-07,36.26656723022461,36.7054267528554,36.001738456776465,36.41789919494518,3999700,MPC
2017-02-08,37.166996002197266,37.18212949059118,35.85797956351076,35.99417807263817,4461300,MPC
2017-02-09,37.77989196777344,37.89339169555371,37.25023138216214,37.568028888096116,4231700,MPC
2017-02-10,37.93878173828125,38.18847993521026,37.590720209002086,38.11281250292083,2787200,MPC
2017-02-13,38.04471206665039,38.34737601350295,37.77231509176655,37.93121525139367,3256400,MPC
2017-02-14,38.83731460571289,38.8449373709894,37.87705259442558,38.12854861112075,4359300,MPC
2017-02-15,38.59344482421875,38.9897443743205,38.3114635142894,38.70776306439115,4396100,MPC
2017-02-16,38.07521438598633,38.867813636306025,37.99900414959312,38.86019377556037,2955400,MPC
2017-02-17,38.120933532714844,38.14379601694461,37.65604363848618,37.854191952022354,3352700,MPC
2017-02-21,38.39529800415039,38.5705838472976,38.098074056760176,38.47150822908962,3963500,MPC
2017-02-22,37.96089172363281,38.38767361685065,37.77798312137259,38.18190252952051,3157900,MPC
2017-02-23,38.37242126464844,38.60105768632872,38.04471216128842,38.40290650850353,2673300,MPC
2017-02-24,38.12855911254883,38.136181879924806,37.67129191594373,38.10569662488875,3118700,MPC
2017-02-27,38.68488693237305,38.82206761960258,38.098061990286816,38.120924469080805,5134400,MPC
2017-02-28,37.80083465576172,38.99735281502358,37.717004599045865,38.486738081493314,5659400,MPC
2017-03-01,38.86017990112305,39.248856619531956,38.08282355707211,38.10568603838054,5952800,MPC
2017-03-02,38.898284912109375,39.18026617408955,38.41053259714914,38.79158945661597,4947400,MPC
2017-03-03,39.07357406616211,39.15740704758437,38.71537965726097,39.00498370929239,3990700,MPC
2017-03-06,38.98213195800781,39.10407008076474,38.49437655974591,38.898298953506014,6826700,MPC
2017-03-07,38.220001220703125,39.21074839748492,38.1895159765602,38.974492116226614,3413700,MPC
2017-03-08,38.273353576660156,38.82207350148127,38.1666581164792,38.22000584656968,5849200,MPC
2017-03-09,37.55696487426758,38.24286841589716,37.28260345761574,38.12093033152227,4951800,MPC
2017-03-10,38.0066032409668,38.067573722550314,37.32070276654772,37.785592513307996,4704400,MPC
2017-03-13,38.86017990112305,38.93639011030656,37.99899058263037,38.00661044065547,5771600,MPC
2017-03-14,38.11330795288086,38.5553353302484,37.85418915754931,38.42577447896598,5883000,MPC
2017-03-15,39.29457473754883,39.325057069317474,38.227614630371086,38.47149072791473,6299200,MPC
2017-03-16,39.004981994628906,39.81282361700023,38.95163426465689,39.36317638778379,5216100,MPC
2017-03-17,38.707759857177734,39.43938839340636,38.52485126950389,39.225997463814686,5309600,MPC
2017-03-20,38.48673629760742,38.72299255712718,38.227617560700565,38.60867435572638,5599300,MPC
2017-03-21,37.54173278808594,38.57058838932473,37.45790269367454,38.47151275944972,5192700,MPC
2017-03-22,37.777976989746094,37.976128185636156,37.29022467252922,37.427405375150606,4048700,MPC
2017-03-23,37.572208404541016,38.06758351958226,37.48075556586212,37.76273684767482,2721500,MPC
2017-03-24,37.244503021240234,37.73987818644436,37.19877805088723,37.73225541989645,3563200,MPC
2017-03-27,37.214019775390625,37.38930560771001,36.718644622184954,36.87106796988159,3191800,MPC
2017-03-28,37.36643600463867,37.46551160556064,37.046349627059826,37.290225792996054,4069800,MPC
2017-03-29,38.52485275268555,38.57820048713732,37.32071443718823,37.35881954647757,3867400,MPC
2017-03-30,38.21237564086914,38.722993267329734,38.10568020146228,38.562947200986756,5893200,MPC
2017-03-31,38.517234802246094,38.74586837654438,37.97613466471896,38.02185963523844,4851500,MPC
2017-04-03,38.059959411621094,38.74586294560775,37.82370601109598,38.623924862591586,2746700,MPC
2017-04-04,38.33431625366211,38.349558875625526,37.755111155216696,38.273348673041326,2445700,MPC
2017-04-05,37.67891311645508,39.00499268535737,37.64843076756859,38.60869307749271,4060300,MPC
2017-04-06,37.9837532043457,38.44864310336571,37.71701452813759,37.85419234216353,4536100,MPC
2017-04-07,38.120933532714844,38.43340008186687,37.73225385740775,37.91516245294641,3526800,MPC
2017-04-10,38.21237564086914,38.715370503239136,38.197133019920635,38.34955632217302,3773900,MPC
2017-04-11,38.43339920043945,38.517232183670664,38.037099675222294,38.2504906090956,4537300,MPC
2017-04-12,38.059959411621094,38.822073157280386,37.97612934167448,38.54771465091895,2986600,MPC
2017-04-13,37.52648162841797,38.10568678841934,37.419783263334516,37.998991330569076,3373800,MPC
2017-04-17,38.02947235107422,38.067577452180934,37.549339936877594,37.556959794205795,3563200,MPC
2017-04-18,37.29783248901367,38.11329367619624,37.06919902753642,37.80082726715649,3526500,MPC
2017-04-19,36.726261138916016,37.46551241826479,36.413794612830095,37.19115099882676,5526800,MPC
2017-04-20,36.993003845214844,37.35881811338,36.68053730945502,36.79485263293786,3066800,MPC
2017-04-21,37.00825500488281,37.343584101228366,36.85583163118609,36.9701469810331,4201400,MPC
2017-04-24,38.250492095947266,38.44102055352124,37.42741067098913,37.61793912856311,5269900,MPC
2017-04-25,38.12855911254883,38.42578308106553,38.02186362715657,38.311467735531224,3813600,MPC
2017-04-26,37.80083465576172,38.18951423275388,37.58744377097089,37.907533005389894,4885500,MPC
2017-04-27,38.88303756713867,39.340304580077834,37.69413926337097,37.70176202768519,6786600,MPC
2017-04-28,38.82207489013672,39.11930170628672,38.6239265866034,39.111678940439276,3648500,MPC
2017-05-01,38.761104583740234,39.004980743571075,38.47150055372869,38.98211826209729,3340900,MPC
2017-05-02,39.18788528442383,39.34030860674907,38.88304154700641,38.928769415873894,4864100,MPC
2017-05-03,39.050716400146484,39.393665319567035,38.77635493882307,38.95164078194998,4533400,MPC
2017-05-04,37.77035903930664,38.95163478733313,37.62555556409676,38.95163478733313,5862400,MPC
2017-05-05,38.608665466308594,38.662013172750605,37.69412878736679,37.93800484745368,5806300,MPC
2017-05-08,39.126914978027344,39.248853045958484,38.41814904966733,38.57819221872079,5924100,MPC
2017-05-09,39.21837615966797,39.3860421290155,38.8449420189638,39.248861409955424,3965000,MPC
2017-05-10,39.889041900634766,40.14053797750203,39.10406550886561,39.50036508830034,5965600,MPC
2017-05-11,40.018592834472656,40.57493844564636,39.83568715749042,40.01097297594561,4701600,MPC
2017-05-12,40.14053726196289,40.42252149497092,39.919526442968895,39.95000878912525,2946500,MPC
2017-05-15,40.66233444213867,41.06903357282491,40.30167495508283,40.64698691851493,4787700,MPC
2017-05-16,40.270973205566406,40.4628128280742,39.726149380181965,40.4628128280742,5047000,MPC
2017-05-17,39.94103240966797,40.547246677357684,39.7415203724147,40.27099698943619,4348000,MPC
2017-05-18,39.85660934448242,40.2556362149487,39.36550025075195,39.64174984778562,4092200,MPC
2017-05-19,40.50119400024414,40.754423793520004,39.83359270552619,40.025432393556514,4718900,MPC
2017-05-22,40.6546516418457,40.808123922247,40.43211698162583,40.623956600317385,2405400,MPC
2017-05-23,40.73140335083008,40.91556780929502,40.47817356138917,40.67001324651424,2199100,MPC
2017-05-24,40.76976776123047,40.877197508791795,40.485842940114296,40.62396773761917,2917100,MPC
2017-05-25,40.24797058105469,41.368313752560276,40.23262305342894,40.78512233898965,3952000,MPC
2017-05-26,40.53187942504883,40.570246768092964,40.08681297670369,40.22493482621446,3843600,MPC
2017-05-30,40.22493362426758,40.81580005666186,40.148198940472184,40.22493362426758,4004700,MPC
2017-05-31,39.933349609375,40.4935211393895,39.61873264245613,40.13286159417472,4572300,MPC
2017-06-01,40.76976776123047,41.10740452888623,40.19424874737385,40.23261609618274,8751100,MPC
2017-06-02,40.43980407714844,40.7697685523416,40.24028917588501,40.56258135206395,4461400,MPC
2017-06-05,40.516544342041016,40.79279398035982,40.24029470372221,40.34005216805768,3261500,MPC
2017-06-06,40.73906707763672,40.79278194398936,40.22493530752343,40.347715490318805,3252700,MPC
2017-06-07,40.64699172973633,40.80046112965764,40.2633123754507,40.54723427799454,3672800,MPC
2017-06-08,40.999969482421875,41.40666859626762,40.56257532259967,40.646985235414604,4652000,MPC
2017-06-09,41.98219680786133,42.1817117235322,41.022998363555004,41.09206076863472,9652000,MPC
2017-06-12,41.798030853271484,42.358202373474626,41.32226633427054,41.98219530874694,6217100,MPC
2017-06-13,42.227752685546875,42.2431002124009,41.698276181669584,41.8057059424063,3303700,MPC
2017-06-14,40.938594818115234,42.12800341638419,40.89255515904126,42.104980659605395,5523800,MPC
2017-06-15,40.66233444213867,40.92323648926061,40.48583938408607,40.74674143120801,4004500,MPC
2017-06-16,41.2608642578125,41.2608642578125,40.677670195850666,40.907880072922026,6775900,MPC
2017-06-19,41.659908294677734,41.721295474066295,41.29157643662221,41.29157643662221,3748000,MPC
2017-06-20,40.554901123046875,41.291567608907584,40.263306960618635,41.176462647205376,4838600,MPC
2017-06-21,39.695465087890625,40.67001098541381,39.27341838952795,40.61629611074444,5732100,MPC
2017-06-22,39.2657356262207,39.99472683468487,39.20434846434234,39.99472683468487,4936200,MPC
2017-06-23,39.51896667480469,39.634071632132425,38.93577544487113,39.28108446237301,6052500,MPC
2017-06-26,39.38852310180664,39.94869459621496,39.32713300131422,39.62640242311199,4827000,MPC
2017-06-27,39.78754425048828,40.17122356988447,39.19668067459015,39.442235204824435,3775100,MPC
2017-06-28,40.37841033935547,40.56257769876213,39.787543842278566,39.99473102389573,3171500,MPC
2017-06-29,39.75685501098633,40.685358328679825,39.687792611400134,40.58560087877952,4580500,MPC
2017-06-30,40.15587615966797,40.3707356267592,39.67243943147201,40.01007615507832,2917400,MPC
2017-07-03,40.74673843383789,40.95392559665626,40.37840667568544,40.38608190055312,1740700,MPC
2017-07-05,40.59326934814453,40.72371889940423,40.07913758630537,40.53955448265634,4098300,MPC
2017-07-06,40.554901123046875,41.069032910811735,40.378408995080065,40.777435821142724,3074600,MPC
2017-07-07,41.49108123779297,41.552471333783295,40.42445320150861,40.5702502886243,3908100,MPC
2017-07-10,41.49876403808594,41.82872561891795,41.368311523915736,41.3990065775136,3031300,MPC
2017-07-11,41.59083938598633,41.87476126665774,41.30691750531492,41.37597697361469,3288900,MPC
2017-07-12,41.253204345703125,42.05125813341657,41.23018452034796,42.00521848270624,2538600,MPC
2017-07-13,41.31459045410156,41.345285503100776,40.83882890357771,41.1918131853457,2614000,MPC
2017-07-14,41.291568756103516,41.47573318725472,41.130421219795146,41.291568756103516,2788700,MPC
2017-07-17,41.675254821777344,41.81337963114049,41.13810311061412,41.32994279836946,4615100,MPC
2017-07-18,42.074275970458984,42.08194826893392,41.606186727982546,41.91312843007595,2757900,MPC
2017-07-19,42.62678146362305,42.749558756575716,42.005222698718356,42.127999991671025,3365600,MPC
2017-07-20,42.51165771484375,42.841622070212445,42.05891612914532,42.787904287655614,3000500,MPC
2017-07-21,42.46562957763672,42.64212172322225,42.081950236648765,42.46562957763672,2101900,MPC
2017-07-24,42.63444900512695,42.87232832076593,42.457956861277026,42.6421213038852,2306100,MPC
2017-07-25,42.98744201660156,43.463203671670556,42.93372713266998,43.07952425659261,4102400,MPC
2017-07-26,42.711177825927734,43.44016905179746,42.69583030328156,43.271349229930195,4010500,MPC
2017-07-27,43.08719253540039,43.32507186095084,41.06136309161505,41.64455734773605,5047400,MPC
2017-07-28,42.18937683105469,43.1332275880844,42.15100948527121,42.910692884403026,3412400,MPC
2017-07-31,42.964412689208984,43.1255573053755,42.22007385180985,42.32750359592086,2973100,MPC
2017-08-01,43.3787841796875,43.59364659534127,42.90302262938448,43.05649494706832,2918400,MPC
2017-08-02,43.12555694580078,43.50156104705426,43.018127202585504,43.087189598544036,2908200,MPC
2017-08-03,42.88766860961914,43.179265676332406,42.78023888168282,43.01044585972359,2683000,MPC
2017-08-04,42.81093978881836,43.317396380761615,42.71118234468442,42.95673687852109,3467600,MPC
2017-08-07,42.12799835205078,42.74188479292168,42.08962807111267,42.65747485844416,3182600,MPC
2017-08-08,41.77500534057617,42.25076982814045,41.675250820135545,42.127992556855716,2312200,MPC
2017-08-09,40.66233444213867,41.96684175050755,40.53955718038957,41.76732979788056,4329200,MPC
2017-08-10,40.06379318237305,40.70070224736967,40.002406014425425,40.70070224736967,3676200,MPC
2017-08-11,40.02542495727539,40.17122203928407,39.6647654740677,39.92566751840588,3303500,MPC
2017-08-14,40.45072937011719,40.74457692614586,40.257407212268944,40.272873338880245,2248700,MPC
2017-08-15,40.12595748901367,40.49713577872403,40.02542911371832,40.40434194376215,3015500,MPC
2017-08-16,39.484127044677734,40.2574158418326,39.36813254515944,40.21101745205275,3896700,MPC
2017-08-17,38.43244934082031,39.352661840509896,38.416983212691626,39.221204176209525,4586200,MPC
2017-08-18,38.74949645996094,39.08201083035089,38.22365991840763,38.370583706541375,3661300,MPC
2017-08-21,38.2391242980957,38.741760150226575,38.2391242980957,38.7185624347033,3561100,MPC
2017-08-22,38.40925598144531,38.6335104571845,38.123139931283895,38.44018824358786,3257500,MPC
2017-08-23,38.79589080810547,38.958283669236266,38.14633116303087,38.22365884938866,4527200,MPC
2017-08-24,39.53824996948242,39.855298201748916,38.81135674194794,38.86548671210108,4070100,MPC
2017-08-25,39.99449920654297,40.36567749072729,39.716114755939024,39.80117699916387,3101400,MPC
2017-08-28,40.61312484741211,40.96110536925898,40.2342120680983,40.46620104923784,5812400,MPC
2017-08-29,39.77024841308594,40.61313343314221,39.53052779183327,40.34248054788345,5375900,MPC
2017-08-30,40.46620559692383,40.628595542081314,39.7238460836016,39.84757217751151,4249300,MPC
2017-08-31,40.55900573730469,40.876054086620094,40.211025122235775,40.63633345182524,4895500,MPC
2017-09-01,41.9741096496582,42.00504190559392,40.59765670900409,40.63632055399259,3976600,MPC
2017-09-05,40.04862976074219,41.494679066634035,39.066552579243215,41.432817493317636,8363200,MPC
2017-09-06,40.497135162353516,40.65179351817795,39.81664311650644,39.932634670977684,6461900,MPC
2017-09-07,40.69818878173828,41.06163249764848,40.47393433052264,40.69818878173828,3902700,MPC
2017-09-08,41.30908203125,41.53333646815151,40.61312395274987,40.72138390163685,4656400,MPC
2017-09-11,41.56427001953125,41.633866124535196,40.667255193848426,41.35548170451941,4580100,MPC
2017-09-12,41.57973098754883,42.12876522006605,41.432807206271036,41.71892318028025,3425900,MPC
2017-09-13,41.146705627441406,41.819469159195016,40.76006114017014,41.75760462529721,4395700,MPC
2017-09-14,40.473934173583984,41.239491350679664,40.45073645453527,41.19309296271969,5402000,MPC
2017-09-15,40.95336151123047,41.077087563082515,40.412058928179604,40.48938955425073,9062800,MPC
2017-09-18,41.43281936645508,41.548810927865745,40.93018041741996,41.03070879719958,4522000,MPC
2017-09-19,41.912254333496094,42.02051429554192,41.27815774163107,41.56427377701828,4522500,MPC
2017-09-20,42.09011459350586,42.29890294816055,41.78079785701083,42.051450738909736,4221700,MPC
2017-09-21,42.04370880126953,42.44581930802404,41.95864656620535,42.09010718853976,4037800,MPC
2017-09-22,42.322086334228516,42.546340744727495,41.85811433652072,41.94317655773495,3681400,MPC
2017-09-25,42.940731048583984,43.157253943342106,42.51542274974158,42.53088888150023,4594600,MPC
2017-09-26,42.824737548828125,43.033525893334854,42.58501694220272,42.809271417768784,4032800,MPC
2017-09-27,42.71646499633789,43.134038612464764,42.22929233601753,42.22929233601753,3857900,MPC
2017-09-28,42.894325256347656,43.13404286612537,42.646873107624806,42.73193238698517,3762900,MPC
2017-09-29,43.36603546142578,43.72947917594331,42.75513662763961,42.886594302071735,3723900,MPC
2017-10-02,43.219112396240234,43.51296297868639,42.94072794443469,43.25777624791038,2712500,MPC
2017-10-03,43.41242599487305,43.54388660431555,42.72419954210043,42.94071942840313,3199900,MPC
2017-10-04,43.54389190673828,43.845474056487625,43.22684362753223,43.42789741074427,2804600,MPC
2017-10-05,43.497493743896484,44.000132629326544,43.41243150637485,43.67534980877691,2886500,MPC
2017-10-06,43.31965255737305,43.61350321977341,43.07993189201175,43.149528023899634,3917400,MPC
2017-10-09,43.41242599487305,43.683078802613636,43.33509830686843,43.40469440601747,3281500,MPC
2017-10-10,43.497493743896484,44.09292645668533,43.443363765448645,43.86094041335707,3621700,MPC
2017-10-11,43.47429275512695,43.721744909382984,43.412428241631766,43.54388885787786,4164100,MPC
2017-10-12,43.72948455810547,44.00013742973546,43.14951791157924,43.30417627395882,3048400,MPC
2017-10-13,43.59028625488281,44.01559447978462,43.52842468846596,43.99239676111111,2839200,MPC
2017-10-16,43.08765411376953,43.74494843264607,43.05672185291675,43.6289539293795,5437900,MPC
2017-10-17,43.69855499267578,43.714021124854575,43.095390587018095,43.10312512803904,3017900,MPC
2017-10-18,43.88413619995117,43.969198433726426,43.61348631963214,43.70628014290403,2905800,MPC
2017-10-19,44.15479278564453,44.18572504805337,43.435633908884945,43.628956124145844,3403700,MPC
2017-10-20,44.45637512207031,44.64969732516707,44.19345680786421,44.309448359804634,3904900,MPC
2017-10-23,43.56709289550781,44.456376231898446,43.505228373038335,44.448641691658366,3734700,MPC
2017-10-24,44.069732666015625,44.28625259910919,43.72175209507035,43.72175209507035,3428900,MPC
2017-10-25,43.644405364990234,44.18570794820955,43.21909724598284,44.04651577109996,4895500,MPC
2017-10-26,44.2862548828125,44.78889088910805,43.203649261792386,44.47957710443302,4239300,MPC
2017-10-27,45.21418762207031,45.56989968769556,44.38676901513842,44.60328888989083,4159900,MPC
2017-10-30,45.67042922973633,46.064805147604154,45.04406435444518,45.237386519056535,3887700,MPC
2017-10-31,46.19626998901367,46.52104983940465,45.49257736330416,46.22719929629205,5157600,MPC
2017-11-01,47.08555221557617,47.866575516611185,46.45145566713761,46.582916290520615,5609400,MPC
2017-11-02,48.07536315917969,48.20682378877772,47.07008831168,47.21701507122266,5216100,MPC
2017-11-03,48.098567962646484,48.54707397013499,47.866581893265334,48.144963406604965,3660700,MPC
2017-11-06,48.214561462402344,48.35375369960426,48.02123923849558,48.206829871385814,3695400,MPC
2017-11-07,48.80226135253906,48.80999294334609,48.05990474082088,48.39241919291896,3725400,MPC
2017-11-08,48.88731002807617,49.03423381152256,48.376939630481935,48.94143999828601,4834200,MPC
2017-11-09,47.680992126464844,48.50841099040398,47.09329387679201,48.42334874179778,5014800,MPC
2017-11-10,47.72738265991211,48.160422472598555,47.64232042531656,47.92843643725046,3220100,MPC
2017-11-13,48.098567962646484,48.369217885280676,47.719655121095705,47.7815196461909,2823400,MPC
2017-11-14,48.61666488647461,48.77905777255042,47.90524062314285,48.19135664645127,4490200,MPC
2017-11-15,47.86177062988281,48.103026152214575,46.77223320040148,47.04461904214714,4743600,MPC
2017-11-16,48.2586669921875,48.70226657765666,47.58938300413396,47.869546944627125,3981300,MPC
2017-11-17,48.46101760864258,48.601101082137994,47.97072545140863,48.13415518090302,3195900,MPC
2017-11-20,48.20419692993164,48.663358766783425,48.05633236064915,48.33649930771136,2573100,MPC
2017-11-21,48.47658157348633,48.5310581486411,48.095242578652254,48.39875577415759,2532400,MPC
2017-11-22,48.2586669921875,48.5621831230349,47.67498692084693,48.52326874327857,2956000,MPC
2017-11-24,48.274234771728516,48.44544855195245,47.92402908490759,48.37540682083816,1407400,MPC
2017-11-27,48.157508850097656,48.60110556752232,47.93959955524357,48.21198543162342,6393000,MPC
2017-11-28,48.42210006713867,48.546618364633304,47.98628454153226,48.476576636745676,2889900,MPC
2017-11-29,47.78395080566406,48.43767271072122,47.43374211210651,48.258674847207814,4231000,MPC
2017-11-30,48.74118423461914,48.85791848259599,47.81507650274881,48.009636551460964,4883700,MPC
2017-12-01,48.90460205078125,49.07581580194368,47.93180204417656,48.88903689442557,5187800,MPC
2017-12-04,49.26259994506836,50.056405238910756,48.725615320741376,48.966867862558324,4242900,MPC
2017-12-05,50.22761535644531,50.904686361937976,49.15364321734515,49.3559843314146,4256100,MPC
2017-12-06,49.387123107910156,50.16536331938841,49.239258536479575,50.05641016478159,2354800,MPC
2017-12-07,49.807373046875,49.86184962364496,49.02913284301758,49.10695567590301,3362700,MPC
2017-12-08,50.39105224609375,50.53891978202869,49.7684606885408,49.95523964018204,3084700,MPC
2017-12-11,50.16535949707031,50.64787052892279,50.064190414787234,50.16535949707031,2768800,MPC
2017-12-12,50.188716888427734,50.8113115233255,50.017503066955726,50.44553762063575,2591600,MPC
2017-12-13,49.92411422729492,50.12645835885779,49.65172835307583,50.04085145463896,2966100,MPC
2017-12-14,50.32101821899414,50.6167473812184,49.854069311532044,49.93189808777706,4319000,MPC
2017-12-15,51.16928482055664,51.51171235281606,50.352130368574144,50.54669038690326,10013900,MPC
2017-12-18,51.371639251708984,51.659584336846585,51.15373293727996,51.26268609449447,3386400,MPC
2017-12-19,50.39105224609375,51.45724344270081,50.33657567035478,51.387198738178455,4367500,MPC
2017-12-20,51.09925842285156,51.25490410015917,50.398840999963326,50.63230951592474,5163600,MPC
2017-12-21,51.620670318603516,51.97866007332873,50.9124689356137,51.1303752265333,5675700,MPC
2017-12-22,51.644020080566406,52.02535611557544,51.53506692770669,51.9086188982253,3449500,MPC
2017-12-26,52.017574310302734,52.196572176347345,51.68293671020075,51.791889867792506,2309900,MPC
2017-12-27,51.69070816040039,52.056481972567646,51.64401565246449,51.924182575081915,2195500,MPC
2017-12-28,51.67515182495117,51.799667172721264,51.488375834545195,51.69849808156421,3124400,MPC
2017-12-29,51.34827423095703,51.94751637665988,51.33270610704291,51.72961014185884,2289100,MPC
2018-01-02,52.28217697143555,52.33665354803753,51.348291104686794,51.44946019337576,3055900,MPC
2018-01-03,53.39507293701172,53.67523994876059,52.46118685618408,52.50009531267521,4844000,MPC
2018-01-04,53.449527740478516,53.74525682678632,53.23162147293587,53.43396555172568,3156400,MPC
2018-01-05,53.96317672729492,54.0565676959072,53.317241824608146,53.59740879294298,3512300,MPC
2018-01-08,54.0020866394043,54.22777700838491,53.70635750289599,53.75305001458112,3212600,MPC
2018-01-09,53.698585510253906,54.12662008859764,53.628546726981014,54.00209877944207,2980300,MPC
2018-01-10,54.095481872558594,54.1888669033041,53.27054316346093,53.53514793807775,2719400,MPC
2018-01-11,54.6713752746582,54.811458751296186,53.9709578914683,54.258908909419056,2494500,MPC
2018-01-12,55.58192825317383,55.64418891052201,54.842602244049246,54.842602244049246,2628200,MPC
2018-01-16,55.083839416503906,55.900993986825604,54.95154000988083,55.72199613154035,4401500,MPC
2018-01-17,56.01774215698242,56.406862326088294,55.192803360976214,55.340670925237276,3489700,MPC
2018-01-18,55.636390686035156,56.437977148526045,55.37957593045667,55.862081058362946,3610600,MPC
2018-01-19,55.94768524169922,56.05663839029542,55.325090731862716,55.76869332793459,3894300,MPC
2018-01-22,56.93605422973633,56.96717861183177,55.815386474257224,56.06442309353021,4365700,MPC
2018-01-23,56.90493392944336,57.20066311143016,56.531375966010515,57.052795551685556,2852600,MPC
2018-01-24,55.71420669555664,57.223994410871626,55.480738224761055,57.09947908061415,3933900,MPC
2018-01-25,55.317325592041016,56.212303183482135,55.26284900495344,56.0955659432937,2894300,MPC
2018-01-26,55.83096694946289,56.04887332050153,55.40293827420936,55.48076112993698,3556100,MPC
2018-01-29,54.59354782104492,55.83873087607743,54.45346435625994,55.65195490219784,4153100,MPC
2018-01-30,53.79975509643555,54.14996682840453,52.77247803683171,53.73750037881022,4841700,MPC
2018-01-31,53.9087028503418,54.19665389821149,53.08377003415062,53.88535659139333,6425000,MPC
2018-02-01,53.45732498168945,54.85815387729049,52.235488019622615,54.2978199440493,6953500,MPC
2018-02-02,52.461177825927734,54.04878270255627,51.99422892838794,53.17715742715266,5035100,MPC
2018-02-05,50.25874710083008,52.484514262619754,49.20812118420713,51.42610725124421,5891600,MPC
2018-02-06,51.12259292602539,51.31715294667551,48.45322623645542,48.97464863554791,4615400,MPC
2018-02-07,50.65565490722656,52.640169915211345,50.538923619993724,52.11096630891553,5065000,MPC
2018-02-08,48.86569595336914,50.8579886833518,48.85013079532236,50.51556708132396,4379300,MPC
2018-02-09,49.68284606933594,50.25874502601578,47.83063387589297,49.379332917758155,4871400,MPC
2018-02-12,50.40662384033203,51.13038758873432,49.822943589604456,50.180939368386284,3423700,MPC
2018-02-13,51.426116943359375,51.67515358488283,50.03306618882128,50.32879534516104,3571000,MPC
2018-02-14,53.044864654541016,53.24720286881701,50.725705818778,50.943612164922996,4690000,MPC
2018-02-15,52.76469039916992,53.5584928277407,52.04870486923144,53.044857359254145,4187200,MPC
2018-02-16,52.865867614746094,53.25498779270315,52.12654165162876,52.60904687229378,3301300,MPC
2018-02-20,51.90993881225586,53.19495417782246,51.580850823558336,52.85019191652976,3236000,MPC
2018-02-21,51.92560577392578,52.881533126255995,51.815909780509195,51.94128004611861,4522200,MPC
2018-02-22,52.07447052001953,53.00689224598129,52.03529680374121,52.12931850519481,4149500,MPC
2018-02-23,52.34871292114258,52.63078999480512,51.52599310461208,52.403560908911274,2896400,MPC
2018-02-26,51.94127655029297,52.536773315892106,51.76105830010457,52.43490848744449,3243200,MPC
2018-02-27,51.40061950683594,52.56810144346783,51.39278237252807,51.83940935834783,4395600,MPC
2018-02-28,50.1939582824707,51.68269697996075,50.186127126081445,51.68269697996075,5536600,MPC
2018-03-01,50.765960693359375,51.38496292917765,50.256654450928316,50.35851330822121,4264800,MPC
2018-03-02,51.07938766479492,51.25959997478484,50.22531904819737,50.444711066263785,2890100,MPC
2018-03-05,51.839412689208984,52.10581549297464,50.61707671186462,50.83646866272629,3662000,MPC
2018-03-06,52.803165435791016,53.1792701530407,51.89425516757529,52.19983763497367,3730300,MPC
2018-03-07,53.0304069519043,53.36733205636785,52.246860753429345,52.466252732525035,3536800,MPC
2018-03-08,54.08820724487305,54.11954981835251,52.80319162213811,53.375183126665256,4015600,MPC
2018-03-09,55.02062225341797,55.38105283478666,54.40161995781178,54.636686239479296,4110400,MPC
2018-03-12,54.276241302490234,55.224337441687354,54.19788788002301,55.036282054186486,3175900,MPC
2018-03-13,54.25273895263672,55.075464880193344,53.884471270358674,54.362434945913165,3246000,MPC
2018-03-14,54.346778869628906,54.86391638590846,54.182234842722465,54.57400804335244,3328600,MPC
2018-03-15,53.77477264404297,54.66801481869043,52.85018790456785,54.50347083683253,4534800,MPC
2018-03-16,54.59748458862305,54.83255077580948,53.67290008526133,53.680737218962605,6081700,MPC
2018-03-19,54.22922897338867,54.511306069004384,53.84529302912725,54.37810465662552,2774000,MPC
2018-03-20,55.99219512939453,56.27427216101719,54.40943487682867,54.61315252790392,4723500,MPC
2018-03-21,57.363407135009766,57.88838156781333,56.18808802862332,56.26644144011933,4355900,MPC
2018-03-22,57.17537307739258,57.89623422115041,56.50152279753695,56.70524650441937,3809500,MPC
2018-03-23,55.851165771484375,58.35851691059533,55.76497522113473,57.51228567697104,5858200,MPC
2018-03-26,57.731666564941406,58.029411877632164,56.47799422468919,56.493662513575536,4245400,MPC
2018-03-27,57.10485076904297,58.70328589857279,56.728751902085186,57.88839704951933,3640400,MPC
2018-03-28,56.27428436279297,57.53579414497309,56.09406611763178,57.300727908325065,4082300,MPC
2018-03-29,57.28506088256836,57.700339395579476,56.517183006786844,56.595542406057724,2790900,MPC
2018-04-02,56.25859832763672,57.49659631333483,55.506388998782576,57.159671335320446,3372600,MPC
2018-04-03,56.885459899902344,57.0343356091126,55.9295324622058,56.963813333913706,3660000,MPC
2018-04-04,56.86195755004883,57.05784413468838,55.091141151071746,56.09407950794877,4382800,MPC
2018-04-05,57.52011489868164,57.94322447930284,56.9873033779946,57.38690753502369,4706500,MPC
2018-04-06,56.76791763305664,57.55930093869988,56.04705659127412,56.971641311119654,3211500,MPC
2018-04-09,56.1567497253418,57.19103037824532,56.14108143304772,56.78358902079108,3889800,MPC
2018-04-10,57.74733352661133,58.08425852074625,57.089157804848846,57.15184291491607,3906500,MPC
2018-04-11,57.998085021972656,58.35068438616752,57.52012735678994,57.75518762160364,3916800,MPC
2018-04-12,58.17829132080078,58.468205496964366,57.52794669690991,58.21747101254617,2357900,MPC
2018-04-13,58.444698333740234,58.76595509100245,57.95890359756315,58.342839496989384,2485600,MPC
2018-04-16,60.74049377441406,61.05391342411134,58.59357903765902,58.75029185149896,4840000,MPC
2018-04-17,61.54755401611328,61.75910885160259,60.01963539853306,60.9520572533546,3866200,MPC
2018-04-18,61.7277717590332,62.66803083273125,61.5162169047916,61.955000885727316,4192700,MPC
2018-04-19,62.21356964111328,62.53482047541675,61.28114774767802,61.74344311545915,3147600,MPC
2018-04-20,62.495662689208984,62.71505472526284,62.00986176795784,62.21358550628698,2557700,MPC
2018-04-23,62.56614685058594,62.856061022409925,61.806106274762655,62.66801165640652,2946900,MPC
2018-04-24,62.511295318603516,63.96085413941363,61.99415809697635,62.934410851560955,4744100,MPC
2018-04-25,62.86392593383789,62.9030996643249,61.25765353426547,62.04903701710716,3272000,MPC
2018-04-26,64.9794692993164,65.24587206693421,62.65233674861791,63.23215910836015,4330100,MPC
2018-04-27,63.804168701171875,64.74442177055163,63.710141003040604,64.68957377447086,3287700,MPC
2018-04-30,58.69544219970703,61.907980067708586,58.0607657830901,59.13422611007336,28076500,MPC
2018-05-01,57.120513916015625,58.319338535152156,55.20865945110205,58.20180542037783,20929500,MPC
2018-05-02,59.42412185668945,60.826669821670556,57.151843388734875,57.41824614175751,13325500,MPC
2018-05-03,60.69346618652344,60.897189799359,58.38983927102098,59.76888176270784,9029100,MPC
2018-05-04,60.28602981567383,60.732650786647504,59.627848081723364,60.254687259011284,5612100,MPC
2018-05-07,59.941287994384766,61.87664818414487,59.909945427095046,60.513279385951094,5856900,MPC
2018-05-08,59.008853912353516,60.270363590947234,58.20180239903826,59.88642768206548,6857100,MPC
2018-05-09,60.41922378540039,61.20276967188933,59.42411716189025,59.68268873914697,4827000,MPC
2018-05-10,60.75614929199219,61.31246615895215,60.03528850477484,61.069568844950396,4532100,MPC
2018-05-11,60.59162902832031,61.093098117648026,60.32522021199947,60.897211567817415,3549200,MPC
2018-05-14,61.38301467895508,61.58673839213932,60.7405069478207,60.99124152636134,4936700,MPC
2018-05-15,60.91797637939453,61.982010202458,60.468717386843686,61.359351947292595,5869400,MPC
2018-05-16,60.47660446166992,60.902213205950794,59.84606274379426,60.768225045221946,6890300,MPC
2018-05-17,63.6135368347168,63.77905268959095,60.87857148998076,61.16231467356265,9675600,MPC
2018-05-18,62.68349075317383,63.621419939356095,62.34457561967624,63.511076036663084,4015700,MPC
2018-05-21,62.14753723144531,63.140638451336706,61.94261024660914,63.038177965564714,3866500,MPC
2018-05-22,61.863792419433594,63.337680365501704,61.67463229165381,62.39187371331073,4111900,MPC
2018-05-23,62.163307189941406,62.21059572215426,60.85493500798906,61.29631067742238,4419300,MPC
2018-05-24,62.35246658325195,62.47069392565672,61.122916654144205,61.61158084992168,6090000,MPC
2018-05-25,60.68941116333008,61.45394107128052,59.84606504094274,61.398769119845525,6419000,MPC
2018-05-29,61.17021942138672,62.13967062547416,60.31898957392421,60.697315955005486,6145500,MPC
2018-05-30,62.69926071166992,63.4243795405332,61.44606059283977,62.08447977767679,6100600,MPC
2018-05-31,62.289390563964844,65.1741103045198,62.289390563964844,62.581017110182444,8272100,MPC
2018-06-01,64.56722259521484,64.65392222965004,62.265755603442095,62.88053045613428,6979800,MPC
2018-06-04,64.57510375976562,65.67854869398649,64.27559976884056,64.86673033932055,6655300,MPC
2018-06-05,63.31403732299805,64.78791928421646,62.84113398777667,64.55147062325184,4851800,MPC
2018-06-06,62.07658767700195,63.17214908688157,61.12289783166094,63.09333288731358,6320300,MPC
2018-06-07,62.38397979736328,62.74653915351396,61.753438126402344,62.67560035921761,4197600,MPC
2018-06-08,62.257877349853516,62.533737112655984,61.50123085189882,62.13965001914051,4058800,MPC
2018-06-11,61.296287536621094,62.21845565967896,60.56328549758498,62.21845565967896,5268200,MPC
2018-06-12,59.475616455078125,61.7219114219603,59.2864563561015,61.39087974542843,7553200,MPC
2018-06-13,59.01847839355469,59.73571975894224,58.67168585538049,59.59384817091457,4645600,MPC
2018-06-14,59.26280975341797,60.05098381684615,59.1761101253776,59.593841416867996,4880500,MPC
2018-06-15,57.978092193603516,59.47562437538001,57.74952095414309,58.88449372572812,8448900,MPC
2018-06-18,58.947547912597656,59.29434647763244,57.73375894826773,58.04114639880608,4517800,MPC
2018-06-19,58.7347297668457,59.23128328550757,58.09631068661302,58.332765315813056,3828100,MPC
2018-06-20,58.18303298950195,59.0421461979742,57.77318495423999,58.71899181302506,3217200,MPC
2018-06-21,57.12686538696289,58.16725503078927,56.92982184825871,57.899272691239965,4776300,MPC
2018-06-22,57.23720932006836,58.466759078027145,57.18991478171423,58.348531752079204,11180200,MPC
2018-06-25,55.148555755615234,57.45790665421355,54.60471357400121,57.402734694723186,7899400,MPC
2018-06-26,55.59779739379883,56.141639404581774,55.211593798680134,55.22735463360121,4478800,MPC
2018-06-27,54.54166030883789,56.50421868693829,54.40767211819282,55.976137324661124,5758900,MPC
2018-06-28,54.77022171020508,55.55051847264299,54.43130657458939,54.75446087256116,4546300,MPC
2018-06-29,55.29829406738281,56.173161728013255,54.94361213797946,55.101250555477876,5576800,MPC
2018-07-02,55.38499450683594,55.48746099416204,54.54164841246833,54.92785807297339,5351000,MPC
2018-07-03,55.81849670410156,57.23721267197609,55.3928819137392,55.60569231556636,6832100,MPC
2018-07-05,54.85692596435547,57.11110477440821,53.737719985459975,56.28352542943292,8436100,MPC
2018-07-06,55.329830169677734,55.94461113834324,54.47860654631845,54.54953934272659,4055100,MPC
2018-07-09,56.60666275024414,56.88252247834019,55.48745698865954,55.51898467376924,5463300,MPC
2018-07-10,56.646095275878906,57.67860179708952,56.5751564542398,56.66185611774685,3965500,MPC
2018-07-11,55.14065933227539,56.504203171565415,54.620467553018216,55.92883343253083,4441200,MPC
2018-07-12,55.574161529541016,55.7002662678305,54.596821244662365,55.58992236684285,3951200,MPC
2018-07-13,56.54362106323242,56.732787219667685,55.550525801763705,55.85791328935534,4884600,MPC
2018-07-16,56.29138946533203,56.66971565691074,55.794841976345104,55.99976891400403,3077100,MPC
2018-07-17,56.5120849609375,57.26085402216132,55.82637728910048,56.25986946984851,3110700,MPC
2018-07-18,57.189910888671875,57.339665892231224,55.652973795846066,56.33080400429519,5089500,MPC
2018-07-19,57.426353454589844,57.89137319042288,57.22142654752092,57.44999771054204,3148700,MPC
2018-07-20,57.15837478637695,57.74162786525438,56.82734315563482,57.260841253004486,4231700,MPC
2018-07-23,57.536720275878906,57.84410775245378,56.99287811888076,57.58400880664664,3605800,MPC
2018-07-24,58.11996841430664,58.76627106881676,57.568248836051325,57.87563631726392,4223600,MPC
2018-07-25,58.89237594604492,59.00271985065808,57.82045857555266,58.21454566725446,5236300,MPC
2018-07-26,63.1800422668457,63.55047906334575,59.436215082998245,59.81453530465959,11435400,MPC
2018-07-27,63.834228515625,64.5514699435709,62.817483048293965,63.542607902176655,5450900,MPC
2018-07-30,64.23619842529297,64.84308992407608,63.99186634326617,64.36230918588231,4166200,MPC
2018-07-31,63.70812225341797,65.11107137222909,63.621422610049464,64.33078059520452,4686700,MPC
2018-08-01,63.6529655456543,63.89729768278227,62.93572396295898,63.250994922239414,4279400,MPC
2018-08-02,62.841129302978516,63.29038833994044,62.43915879202573,63.27462148907626,3785000,MPC
2018-08-03,62.33670425415039,63.32192215686456,61.80075148783503,62.833257925625766,3075100,MPC
2018-08-06,62.927825927734375,62.998764733419634,62.116007455009665,62.58103336499174,3837100,MPC
2018-08-07,64.05489349365234,64.57509118072144,63.14061484965356,63.36918601397575,4145800,MPC
2018-08-08,64.38594818115234,64.62239681796956,63.195803531976956,63.63717913133565,3171200,MPC
2018-08-09,63.645076751708984,64.77216627713165,63.408622048862256,64.51206730665882,3027600,MPC
2018-08-10,63.786930084228516,64.03126213070988,63.314026827400546,63.32190423882235,2708400,MPC
2018-08-13,63.12485122680664,64.4253394975975,63.07756271221833,63.944552888315485,2307800,MPC
2018-08-14,63.140628814697266,63.731759400769235,62.48644285625438,63.61353208089658,3413800,MPC
2018-08-15,61.18259048461914,62.87902357319759,60.88927969901663,62.64120336346376,6162800,MPC
2018-08-16,60.794166564941406,62.173508285962576,60.706966210070284,61.460053586117084,4075600,MPC
2018-08-17,61.127098083496094,61.33320852257635,60.42157247651032,61.25393108968618,3374300,MPC
2018-08-20,62.43510437011719,62.79975762138972,61.18259578008127,61.33321566248373,3352300,MPC
2018-08-21,62.6332893371582,64.0522697475459,62.47474049218693,62.649141197645314,5733400,MPC
2018-08-22,63.58454132080078,63.830284405188465,62.64119559992921,62.70461512106746,3838700,MPC
2018-08-23,64.7022933959961,64.79741663805795,63.37843647978539,63.6400374914934,3392100,MPC
2018-08-24,66.4462890625,66.477998826346,64.74985600886288,65.09865736314981,6091800,MPC
2018-08-27,66.33531951904297,67.21524596365903,65.94688542800257,66.62863034992169,4305200,MPC
2018-08-29,66.36702728271484,67.02499136970876,65.75662482436437,66.70789973337267,3624700,MPC
2018-08-30,65.89140319824219,66.54936134052632,65.02732850475304,66.54143843318833,4420500,MPC
2018-08-31,65.23342895507812,65.79626373840327,64.27423113718427,65.62979198964682,6666800,MPC
2018-09-05,66.54144287109375,66.96158681282107,65.33649559306168,66.63656614966068,5718900,MPC
2018-09-06,65.63772583007812,67.65124487332271,65.59808710446244,66.4145940487743,4468200,MPC
2018-09-07,65.40782928466797,65.67735324358685,64.62302612612672,65.63772056916814,3589100,MPC
2018-09-10,65.34441375732422,65.87553880167853,65.12245141329676,65.55844714677347,4067700,MPC
2018-09-11,66.20848083496094,66.4700818980005,64.7736485374739,65.20172135480587,3835400,MPC
2018-09-13,66.66033935546875,67.01706975341338,65.69321852838075,66.8268171699886,4575900,MPC
2018-09-17,66.4462890625,66.97741399887762,66.09748770821307,66.92985237711815,3510200,MPC
2018-09-18,66.56520080566406,67.11218366145663,66.14505700838191,66.77923415687638,4563000,MPC
2018-09-19,63.84615707397461,66.41458779384179,63.489426721091505,66.01029581311553,6867500,MPC
2018-09-20,64.94805145263672,65.43954382583084,63.07721731985954,64.21081591685571,6500000,MPC
2018-09-21,66.0895767211914,66.57314012301049,64.94804920896013,65.24136004141403,8531600,MPC
2018-09-28,63.394309997558594,65.79626921945294,63.394309997558594,65.360267425899,39153800,MPC
2018-10-01,65.34441375732422,66.04993951427733,64.33765425462246,64.69437858637798,6696600,MPC
2018-10-02,66.01822662353516,66.1292077903032,64.67851762009529,65.71699289202476,7100100,MPC
2018-10-08,66.4780044555664,66.71582468054,64.90048137076562,66.58898561441553,9552200,MPC
2018-10-09,66.39873504638672,66.96949876495476,65.68528039817667,66.55727783575796,5322700,MPC
2018-10-11,62.41133499145508,64.85292703635905,62.10216621618961,63.93336780989358,9010200,MPC
2018-10-12,63.48151779174805,64.08398537047164,62.54610060075798,63.53700838578893,8179200,MPC
2018-10-15,61.66616439819336,63.687612335966904,61.66616439819336,63.418088363471846,7960600,MPC
2018-10-16,63.47355651855469,63.616247408869135,62.04664761541021,62.62534012835716,5907500,MPC
2018-10-17,62.744285583496094,63.78275506354045,62.324141627387206,63.10893894253441,5630300,MPC
2018-10-18,62.48267364501953,63.33881932133377,62.03874894531012,62.181439891362494,4859600,MPC
2018-10-19,58.59832000732422,60.70697462953744,58.447706140038285,60.072791242159674,13322800,MPC
2018-10-22,58.7647819519043,59.10565440717398,57.250678288743636,58.66172973910928,5154000,MPC
2018-10-23,57.14761734008789,57.647038616191246,54.65053515164997,57.47263791964847,8640000,MPC
2018-10-24,53.95294189453125,57.07628498020348,53.762689304709724,56.98115566128233,12254700,MPC
2018-10-25,55.4591178894043,55.89511966879452,54.70603050466145,55.11031646589212,8315800,MPC
2018-10-26,54.58710861206055,55.29263421352422,53.34252913046542,54.745651380562,7837700,MPC
2018-10-29,53.29497528076172,55.85547704873325,52.54981085450656,55.37191367186807,6307400,MPC
2018-10-30,54.53955841064453,54.801153428642984,52.82726712181718,53.46937333111733,6470600,MPC
2018-10-31,55.847557067871094,57.171414387481484,55.34814175080996,55.40363234159453,9638900,MPC
2018-11-01,56.34698486328125,57.42509307700463,54.49993119806179,55.33229620284078,8070900,MPC
2018-11-02,55.08654022216797,57.86901079061456,54.896287633562444,56.90981284436823,5685500,MPC
2018-11-05,55.300567626953125,56.22012664486819,54.57125510817013,55.89511212881853,4841500,MPC
2018-11-06,54.198699951171875,55.30058903740032,53.82611761806898,55.292660080860195,6809800,MPC
2018-11-07,55.348140716552734,55.46705085116076,53.98465074215825,54.68225363958093,7305300,MPC
2018-11-08,53.66755294799805,55.3084956840701,53.34253840167517,55.189591611037336,7182500,MPC
2018-11-09,53.255340576171875,53.63585177199029,52.383343060445824,53.24741162158683,6340500,MPC
2018-11-12,52.24065017700195,53.84195420652782,52.13759191528639,53.65170163969763,4588800,MPC
2018-11-13,50.86922836303711,52.50224811256127,50.457013484761504,51.92355544419199,8936000,MPC
2018-11-14,50.60763168334961,52.20893868401317,50.07650365179802,51.7491561186697,6395600,MPC
2018-11-15,51.81258010864258,52.00283268554498,50.14785342869054,50.409454501944076,6149600,MPC
2018-11-16,51.87600326538086,52.62909071878124,51.50342099230164,52.09796562857167,6373700,MPC
2018-11-19,50.266754150390625,51.923551565581,49.61671909026901,51.59853101151057,6337700,MPC
2018-11-20,49.42033004760742,50.36258251348511,48.42218150715289,49.180775007119856,7603000,MPC
2018-11-21,50.88960647583008,51.32080434428636,49.51615306474823,49.715782779330695,6438600,MPC
2018-11-23,49.292572021484375,50.386542076888006,49.26861742890357,49.931386541205185,2695000,MPC
2018-11-26,51.24893569946289,51.45655228871248,49.97929071356934,50.15496582045631,5448300,MPC
2018-11-27,50.897586822509766,51.58431039359938,50.6580287589426,50.97743747962728,5096700,MPC
2018-11-28,52.127315521240234,52.334932151830316,49.843550861397496,50.785803455963496,6229200,MPC
2018-11-29,51.82387161254883,52.69425418488925,51.75998864607934,51.93566375776292,5096900,MPC
2018-11-30,52.03148651123047,52.35887604233734,51.34475987460847,51.72804547650017,6236800,MPC
2018-12-03,51.632240295410156,53.40494731781765,50.53028020133784,52.70225280692323,9307900,MPC
2018-12-04,50.578182220458984,53.10948846582754,50.53026999462255,51.704093635700985,7711600,MPC
2018-12-06,50.74586868286133,50.80975164842905,49.34846079519579,50.210862553715245,7501300,MPC
2018-12-07,49.15681838989258,52.782091424291345,48.8134550624464,51.20900841464759,9721900,MPC
2018-12-10,48.69367980957031,49.52414015661038,47.55179759391716,48.72562129509671,8768800,MPC
2018-12-11,48.981136322021484,49.851521811622426,48.60583156484005,49.0689738648603,5555100,MPC
2018-12-12,49.540103912353516,50.60213226440469,49.52413317184279,49.7237628590659,5484100,MPC
2018-12-13,49.60398483276367,50.02720184959972,49.172787014671584,49.66786779610019,6501700,MPC
2018-12-14,47.80731201171875,50.0591344217508,47.55178628051703,49.15681051611653,8583000,MPC
2018-12-17,46.9848518371582,48.198600921373625,46.417904153576345,47.51985803391937,9197900,MPC
2018-12-18,47.08066940307617,48.34233061439276,46.84909821171691,47.1525362194943,12023600,MPC
2018-12-19,46.817161560058594,48.82942945044252,46.45782746425652,47.26433017162766,15030100,MPC
2018-12-20,45.850955963134766,47.91113628554505,45.58744629754043,46.21827698969937,11900600,MPC
2018-12-21,45.30795669555664,46.89700735415289,45.108327001534484,45.683258448965276,14239800,MPC
2018-12-24,43.37554168701172,45.044446128354615,43.351587097371414,44.16607665232468,4508800,MPC
2018-12-26,46.59357452392578,46.61753216121341,43.47136588565591,43.62308641941593,6036400,MPC
2018-12-27,47.192466735839844,47.20843747969912,45.15624410845531,45.53154897387843,5766200,MPC
2018-12-28,46.5057373046875,47.84724611662625,46.15438707522784,47.479928191379834,4563500,MPC
2018-12-31,47.12059783935547,47.2882891194495,46.24222828847801,46.72133839875521,4357900,MPC
2019-01-02,47.623661041259766,48.13471258906579,46.14640247050125,46.44983742319389,6608000,MPC
2019-01-03,46.928951263427734,47.943070527043446,46.346032892267374,47.67955785517377,6290600,MPC
2019-01-04,49.22868728637695,49.28458336101365,47.31224086820899,47.847247024333875,6297600,MPC
2019-01-07,49.71579360961914,50.36259512236696,48.83742389255177,49.40437167440631,6333100,MPC
2019-01-08,50.202877044677734,50.81773689774273,49.420328971533436,49.9952634930711,5884800,MPC
2019-01-09,51.28087615966797,52.11133640789833,50.00324430559649,50.43444517057464,7195800,MPC
2019-01-10,50.809757232666016,51.50446780597598,49.90743004455037,51.22498741616961,8083300,MPC
2019-01-11,51.799922943115234,52.81403925980247,50.48236554712679,50.666024527554704,6863900,MPC
2019-01-14,51.80789566040039,52.26305111610376,51.336772509854235,51.336772509854235,4772900,MPC
2019-01-15,51.368717193603516,52.34291112953306,51.04930844690635,52.28701505577719,4285300,MPC
2019-01-16,51.37668991088867,51.5603518913088,50.82571615405662,51.10519647885754,5277900,MPC
2019-01-17,52.534549713134766,52.55850430107174,50.681986442027785,50.94549604765652,4533100,MPC
2019-01-18,52.774105072021484,53.03761774067108,51.791930350276665,52.957767078351054,5745800,MPC
2019-01-22,51.759986877441406,53.12545325493984,51.64020784245773,52.438726619395865,6166300,MPC
2019-01-23,51.7839469909668,52.574478958659434,51.089236433820105,51.90372603873003,4357700,MPC
2019-01-24,50.394527435302734,51.96761061711496,50.26676453525403,51.79992238194625,7318600,MPC
2019-01-25,51.169097900390625,51.79194173246874,50.322666681685654,50.8496890886998,7914700,MPC
2019-01-28,50.881622314453125,51.44058307495852,50.39452532649184,50.80975549580133,11002700,MPC
2019-01-29,51.21699905395508,51.4086418740144,50.30668804340405,50.761843548679565,5922800,MPC
2019-01-30,52.167236328125,52.558508846770344,51.256925354500645,51.72006164317231,5745700,MPC
2019-01-31,52.90987014770508,53.588610072871845,52.42277307491349,52.80605877966385,8782200,MPC
2019-02-01,52.27901840209961,53.660452292266825,52.17520707577924,53.245225263627304,5216900,MPC
2019-02-04,52.630374908447266,52.8379854016747,52.071408115674515,52.22312863106086,5553700,MPC
2019-02-05,53.64449691772461,53.64449691772461,52.5904522729088,52.70224442522143,5403600,MPC
2019-02-06,53.396949768066406,54.131585538907565,53.253216152709264,53.42090435525685,5484200,MPC
2019-02-07,50.86564636230469,54.89017865629823,50.35459483583613,53.37299177175076,9498500,MPC
2019-02-08,50.08310317993164,51.185056998263846,49.44428566389784,50.61810934658613,8276500,MPC
2019-02-11,49.28458786010742,50.658038307270054,48.88532840705045,49.859519401156106,9648000,MPC
2019-02-12,49.404361724853516,50.21885133928444,49.276598827262845,49.75571197780867,6478600,MPC
2019-02-13,50.82571792602539,50.953480799832526,49.38838178806111,49.548086141846824,4141000,MPC
2019-02-14,51.13715362548828,51.68014674813081,50.3386346858502,50.58617360762888,4824400,MPC
2019-02-15,52.02350997924805,52.27104890028151,51.53641294015794,51.82388024493951,5166300,MPC
2019-02-19,52.33747863769531,52.667553363101206,51.733677565730794,51.92689218894844,3836500,MPC
2019-02-20,52.417991638183594,53.0942459862546,51.91080087713035,52.32138124180931,5470500,MPC
2019-02-21,52.05570983886719,53.11839955754144,51.90274492395309,52.33748246461745,7231800,MPC
2019-02-22,52.34552764892578,53.02178807902258,52.14426061435378,52.55484708469175,3544600,MPC
2019-02-25,52.12816619873047,52.51460163913484,51.88664328070487,52.30528218632485,4054700,MPC
2019-02-26,51.99934768676758,52.57899772443565,51.959097965485434,52.15231259731399,3746400,MPC
2019-02-27,51.041324615478516,52.21672343906454,50.9849700877101,52.04765985575931,5805400,MPC
2019-02-28,49.922271728515625,51.073519361787305,49.62439739023496,51.02521724109325,7499200,MPC
2019-03-01,50.46166229248047,50.880298019408485,50.010823108613984,50.010823108613984,6069800,MPC
2019-03-04,49.922271728515625,50.62268318949032,48.57780947028556,50.62268318949032,7025300,MPC
2019-03-05,48.9561882019043,49.825660080747234,48.55365418532551,49.74515450586781,7254500,MPC
2019-03-06,48.247737884521484,48.89984423769419,47.98206390212433,48.618068522628285,8212400,MPC
2019-03-07,47.37020492553711,48.43289452246635,47.2494434877125,48.25577856594783,5830500,MPC
2019-03-08,46.29142761230469,46.64565656148403,45.79228612230382,46.54904922463364,7631000,MPC
2019-03-11,47.66004180908203,47.67614354288157,46.476590479095364,46.605401278399974,6670400,MPC
2019-03-12,47.38631820678711,48.304095530491786,47.38631820678711,47.62783807022124,5849100,MPC
2019-03-13,47.957908630371094,47.974010361626924,47.442665514549496,47.50706936848159,6243500,MPC
2019-03-14,48.05451583862305,48.247733542166735,47.41851434645148,48.022315447275105,5473400,MPC
2019-03-15,48.66636657714844,49.32652216420893,47.821045698214014,47.86129848843164,9173800,MPC
2019-03-18,49.9786376953125,50.07524502397874,48.94814826220343,48.95620066439572,7657900,MPC
2019-03-19,49.93837356567383,50.75149407145788,49.745158940303135,50.23625097568122,6237100,MPC
2019-03-20,50.06718826293945,50.50997821221794,48.964245732671536,49.745162838390314,8136000,MPC
2019-03-21,50.55022048950195,51.001056604293225,49.68074557482044,49.93836708929851,6306700,MPC
2019-03-22,49.350677490234375,50.31675989442561,48.81128329828996,50.01083313436193,4664600,MPC
2019-03-25,49.24602127075195,49.463390057480034,48.59391798165923,49.213820876159716,5190100,MPC
2019-03-26,49.882015228271484,50.58242663716252,49.30236832540862,49.76930619357845,4191500,MPC
2019-03-27,50.06718826293945,50.324809831015294,49.415085012349934,49.672706580425775,4793400,MPC
2019-03-28,49.06890869140625,50.139647828526584,48.78713297135976,49.74516611998966,5095500,MPC
2019-03-29,48.183326721191406,49.535841435640194,48.07061767350255,49.43118478912409,8245000,MPC
2019-04-01,49.14940643310547,49.31042066582433,48.07866746704349,48.67441613568491,6993500,MPC
2019-04-02,48.239681243896484,49.0125489886284,47.79689438323304,48.85958407726181,7284200,MPC
2019-04-03,48.61001205444336,49.23796418086514,48.408745032273195,48.61001205444336,6979400,MPC
2019-04-04,49.390926361083984,49.81761453944132,48.47314922487823,48.65026518838848,5838700,MPC
2019-04-05,51.09767150878906,51.121822568198155,49.42312844502993,49.42312844502993,7359600,MPC
2019-04-08,51.009117126464844,51.258686280866705,50.42946709104419,51.18623309753031,7353200,MPC
2019-04-09,50.04303741455078,51.04132329843022,49.81761930929373,50.74344586380757,6046900,MPC
2019-04-10,51.20233154296875,51.516310691566595,49.95447656291532,50.19599638629805,8247800,MPC
2019-04-11,50.8078498840332,51.95104514794739,50.767597091982495,51.403598577002484,5284900,MPC
2019-04-12,49.584144592285156,51.484105806957054,49.431182758290454,51.37944609364958,10104400,MPC
2019-04-15,48.73883056640625,49.73711343510486,48.5375635122712,49.50364598633776,7075900,MPC
2019-04-16,48.320194244384766,48.78713220836346,47.89350907661417,48.69857728514223,7899900,MPC
2019-04-17,48.4973030090332,49.22186244612589,48.44899781812394,48.86763359273109,5500500,MPC
2019-04-18,48.15113067626953,48.96424821591693,48.05452028002294,48.50535958256587,6363800,MPC
2019-04-22,49.21381378173828,49.431182537131555,48.52145472480218,48.59391097659994,6186600,MPC
2019-04-23,49.157466888427734,49.52779753459707,48.61806958110147,49.3426322115124,6804700,MPC
2019-04-24,47.901554107666016,49.39092893131662,47.869350645153595,49.14940910465588,7056500,MPC
2019-04-25,48.82738494873047,49.487540591759426,47.94180813340754,48.11087170930955,6554000,MPC
2019-04-26,48.61806106567383,49.24601318798345,48.30408500451902,48.537555485769374,6244500,MPC
2019-04-29,49.101112365722656,49.40703607986037,48.52146226130754,48.7066275844198,4506800,MPC
2019-04-30,49.004486083984375,50.07522794968618,48.964233300022855,49.49557803315044,5005400,MPC
2019-05-01,48.26384353637695,49.696864078255494,48.26384353637695,49.1896702068242,4991300,MPC
2019-05-02,47.24945831298828,48.78713867216011,46.83887482352112,48.32824997818839,6849500,MPC
2019-05-03,48.27187728881836,48.44899323430412,47.676128679423854,47.70832906589247,5626700,MPC
2019-05-06,47.89350509643555,48.03841453652375,47.015980699222766,47.700287391165865,6409400,MPC
2019-05-07,47.84519958496094,47.901554108813414,46.315568897587546,47.29775300660148,9697100,MPC
2019-05-08,44.463905334472656,46.80665309494861,44.24653660563377,46.59733676593192,16021700,MPC
2019-05-09,42.63639831542969,44.85838759915421,42.26606779183911,44.4155977654149,15870600,MPC
2019-05-10,42.78937530517578,43.24826392541022,41.88769672586301,42.66056451828701,10158900,MPC
2019-05-13,40.83305740356445,42.5639520771706,40.73644701472698,42.113115880294075,7505300,MPC
2019-05-14,41.308040618896484,41.58981319341588,40.80889624247537,41.05846843068593,7644100,MPC
2019-05-15,41.641571044921875,41.853075200384446,40.82810020760884,41.218565837141696,7209900,MPC
2019-05-16,43.000064849853516,43.31731794960096,41.731049347719036,41.731049347719036,11750700,MPC
2019-05-17,42.25981521606445,42.796705902968235,42.11339020116839,42.59333817151763,6239600,MPC
2019-05-20,42.398101806640625,42.552663261347874,41.76359550711241,42.05644552324703,5315900,MPC
2019-05-21,43.341732025146484,43.7484675076742,42.69095587373124,42.78043817639061,6908700,MPC
2019-05-22,42.23539352416992,43.17902243184526,42.08897166599511,43.057000596364716,5547700,MPC
2019-05-23,40.78741455078125,41.61715491813719,40.43762195170539,41.55207888510708,10245900,MPC
2019-05-24,40.909446716308594,41.29991232258197,40.48644153372625,40.974522765781764,4860800,MPC
2019-05-28,39.86006164550781,41.28363527570452,39.81938873384533,41.15348009649802,8418500,MPC
2019-05-29,39.851951599121094,39.94143081582421,39.06288361842861,39.24998160395595,5894900,MPC
2019-05-30,38.32260513305664,39.770581984522195,38.19244994531979,39.648563241537644,8279000,MPC
2019-05-31,37.41151428222656,37.745037104304444,36.98850919759099,37.590475704197864,12939000,MPC
2019-06-03,38.33887481689453,38.43649043165002,37.43592184675901,37.50913433361173,8684100,MPC
2019-06-04,39.44519805908203,39.583486597164445,38.347010683965856,38.63172730854175,8225500,MPC
2019-06-05,38.794429779052734,39.74619243585335,38.249405713929654,39.74619243585335,7868200,MPC
2019-06-06,39.12794494628906,39.22556367831857,38.078569953703386,38.76188556218551,9358600,MPC
2019-06-07,38.2249870300293,39.5753481785852,37.68809652766717,39.36384407281404,10342900,MPC
2019-06-10,38.786285400390625,39.42892803420133,38.5747812687631,38.615457288560826,7440200,MPC
2019-06-11,38.859493255615234,39.428923330258456,38.859493255615234,39.160476526713865,5619100,MPC
2019-06-12,38.2087287902832,38.95712052141423,38.15991941963089,38.753752798414034,6602300,MPC
2019-06-13,38.96525573730469,39.12794742804977,38.338882797871825,38.59105678041376,6491400,MPC
2019-06-14,39.01405334472656,39.046592916911976,38.50156904695606,38.883898159129295,5463300,MPC
2019-06-17,39.6241569519043,39.860064199061576,38.843225826636534,39.03032371478541,8369100,MPC
2019-06-18,40.38069152832031,40.71421444468963,39.69737590659476,39.69737590659476,7502200,MPC
2019-06-19,40.39695739746094,40.998927118985826,40.16105013475898,40.4783032313573,7330300,MPC
2019-06-20,42.25981521606445,42.536395454963085,41.08841509689597,41.10468488778946,10766000,MPC
2019-06-21,42.837371826171875,43.26851035336412,42.21913538900667,42.77229577638097,11668300,MPC
2019-06-24,41.9750862121582,43.02446414324826,41.92627995694572,42.45503404166219,5949400,MPC
2019-06-25,41.804264068603516,42.33302133179801,41.5602234483387,41.796130725957454,5471700,MPC
2019-06-26,44.09825134277344,44.15519405054707,42.22726912257387,42.22726912257387,9095600,MPC
2019-06-27,44.2284049987793,45.001202852703756,43.78913314034869,44.13078937503302,7700200,MPC
2019-06-28,45.456748962402344,45.513691669887095,44.05757819987457,44.30975526383906,10298700,MPC
2019-07-01,44.83850860595703,46.4735866144805,44.716489850622814,46.28648870711889,8054200,MPC
2019-07-02,44.326026916503906,44.72462588566233,43.911155055214174,44.52125817805029,6677400,MPC
2019-07-03,44.18772506713867,44.67580621154435,44.00876053272262,44.277207334346706,3229500,MPC
2019-07-05,44.63514709472656,44.84665126497444,43.878618914888385,43.96810120975132,3414000,MPC
2019-07-08,44.204002380371094,44.78970233591877,44.098250309920594,44.49685235814493,4642200,MPC
2019-07-09,44.448036193847656,44.71648300011782,43.77285716229618,43.93554881115099,4702500,MPC
2019-07-10,44.72461700439453,45.22896795023944,44.033168177077215,44.993063814644714,3963100,MPC
2019-07-11,45.098812103271484,45.253373514101234,44.594461164853,44.95238713677188,4144700,MPC
2019-07-12,45.13134765625,45.44860068770595,44.98492270278664,45.12321431578827,3792000,MPC
2019-07-15,44.60260009765625,45.18829689318765,43.805396078616575,45.155757320340214,5764200,MPC
2019-07-16,45.29405212402344,45.481150026276595,44.26907722959085,44.57006364478239,6097600,MPC
2019-07-17,44.17959976196289,45.40793929058939,43.98436540680272,45.115089309421535,4609600,MPC
2019-07-18,45.03373336791992,45.09067606224424,43.68337228238976,43.943682628770695,4279500,MPC
2019-07-19,44.93611526489258,45.350983886633614,44.53751332364467,45.196425596797525,3284800,MPC
2019-07-22,44.91986846923828,45.50556546418601,44.46432360370513,45.06629349376159,2725800,MPC
2019-07-23,45.31844711303711,45.416065820877165,44.89544202182923,44.903578465721296,3649900,MPC
2019-07-24,46.8721923828125,47.02675383980464,45.106962019559724,45.18017452467568,7114300,MPC
2019-07-25,45.961097717285156,47.002339292033284,45.44861027208802,46.85591430769124,5127200,MPC
2019-07-26,46.23768615722656,46.43292053893601,45.70079548645711,45.84722049695289,3452900,MPC
2019-07-29,45.68451690673828,46.18886789966576,45.245241959763725,46.001770000727255,4604200,MPC
2019-07-30,46.408504486083984,46.579332594482835,45.04187341260407,45.68451603350781,3746300,MPC
2019-07-31,45.87160873413086,46.86404390449777,45.15575370453124,46.392229445423595,5682200,MPC
2019-08-01,45.03373336791992,47.66937640081295,44.61072827926487,47.11621613896743,8254600,MPC
2019-08-02,43.6182975769043,45.06627751683543,43.390526776459936,44.82223382705142,5094700,MPC
2019-08-05,41.21855926513672,42.84550068035859,40.62472602095807,42.78855797907738,8055900,MPC
2019-08-06,40.34001159667969,41.95068318872375,39.973949165955034,41.70664260262212,7722500,MPC
2019-08-07,39.152347564697266,39.78685374856066,38.55851429718378,39.697371470704105,9238000,MPC
2019-08-08,40.283077239990234,40.29934702951934,39.09541053267084,39.30691159025913,7974700,MPC
2019-08-09,39.36384963989258,40.31561204417842,39.347579852290416,40.21799331856547,4353800,MPC
2019-08-12,37.70436477661133,39.038459298447975,37.49286376519559,38.85135831128157,6857200,MPC
2019-08-13,38.355140686035156,39.07912903589163,37.1267983213049,37.60674610762406,5233100,MPC
2019-08-14,36.30519104003906,37.9239956755836,36.0123411493703,37.86705298608065,9399100,MPC
2019-08-15,36.931575775146484,37.053594533966255,35.760175830349645,36.20758415231184,6292800,MPC
2019-08-16,37.59861755371094,37.72877274437773,37.045457217590936,37.29763115398905,5028400,MPC
2019-08-19,38.89204406738281,39.2011607689287,38.15991903078433,38.233131534444176,5335800,MPC
2019-08-20,38.43138885498047,38.88381252786449,38.23396596135866,38.65348843358108,4452100,MPC
2019-08-21,38.85090637207031,39.30333002379279,38.25041634153971,38.97429606705385,3815900,MPC
2019-08-22,38.57122802734375,39.196397916006305,38.41493712414335,38.85090863270742,3311900,MPC
2019-08-23,37.641700744628906,39.16349346942912,37.477185326103886,38.209289607503834,6215200,MPC
2019-08-26,37.87202453613281,38.30799600386756,37.37846891163235,37.937830069974765,9283900,MPC
2019-08-27,37.287994384765625,38.51365133895283,37.10702363800073,38.21751853076695,3927000,MPC
2019-08-28,38.110572814941406,38.42315456377605,36.94249410015281,37.271531153371264,4258100,MPC
2019-08-29,39.94496154785156,40.20819003103913,38.4396207178123,38.464297407507686,8793600,MPC
2019-08-30,40.47963333129883,41.12125535100554,40.08479070113408,40.109467384916165,5659600,MPC
2019-09-03,40.833351135253906,40.98964518243141,39.17171960827129,39.74753301075922,8002100,MPC
2019-09-04,41.67238998413086,41.80400419768873,40.52076326205174,41.29399951239329,4852000,MPC
2019-09-05,43.16950607299805,43.54789657307292,41.89449269530974,42.23175433892962,8812500,MPC
2019-09-06,43.16128158569336,43.54789660214509,42.45385395764509,43.235314782534005,5276500,MPC
2019-09-09,44.07435607910156,44.41984223472049,43.366928459961194,43.366928459961194,5218500,MPC
2019-09-10,44.81468200683594,45.300010006916274,43.769992815546736,44.1483832866791,6929700,MPC
2019-09-11,44.51033020019531,45.530339694583674,44.09903534066726,45.24243454808634,6531700,MPC
2019-09-12,43.7535400390625,44.18128701098419,43.218858677608125,43.77821986104954,7028100,MPC
2019-09-13,43.83580780029297,44.57613668020047,43.58080385238626,43.90161334747259,7377100,MPC
2019-09-16,43.1119270324707,44.17306852271975,42.18239977169924,44.12371200994163,9626100,MPC
2019-09-17,43.934513092041016,44.25532255355289,42.19884842803528,42.76643729495365,6123700,MPC
2019-09-18,44.222412109375,44.25531644394404,43.37514589076771,43.75353632452145,3247400,MPC
2019-09-19,44.35403060913086,44.67484319538149,44.11548200520705,44.510324644518946,3594500,MPC
2019-09-20,45.3246955871582,45.949865576707566,44.51855797994433,44.52678563497921,7932500,MPC
2019-09-23,45.88404846191406,46.32002309870078,44.707745042424015,44.707745042424015,5357300,MPC
2019-09-24,45.63726806640625,46.01565850803554,45.209521121896124,45.84291545484784,5520500,MPC
2019-09-25,49.47876739501953,49.643282810327236,47.75132729291499,48.787791981763796,16650300,MPC
2019-09-26,50.04636001586914,50.243782934587706,48.738442200909766,49.10860821230032,9487000,MPC
2019-09-27,51.34605407714844,51.675091254034136,50.05458833545835,50.50701523815895,13047100,MPC
2019-09-30,49.972328186035156,51.2473416932367,49.78313291677966,51.13217962829256,9311300,MPC
2019-10-01,49.667964935302734,50.69620201829135,49.6268360795693,50.391841582416724,6307600,MPC
2019-10-02,48.69730758666992,49.35537867474713,48.253108425493885,48.96876053765719,5479400,MPC
2019-10-03,49.355384826660156,49.41296585792346,47.90762825243437,48.35182433104686,4462000,MPC
2019-10-04,49.96409225463867,50.16973964875272,49.12505051010172,49.561021981485844,6181700,MPC
2019-10-07,49.684410095214844,50.57280517784957,49.5692449223071,50.1779625702419,3345200,MPC
2019-10-08,49.20730972290039,49.76667090309355,48.99343780714668,49.26489074398525,4838700,MPC
2019-10-09,49.81603240966797,50.358941475775715,49.55280396173273,49.60215733451395,5461300,MPC
2019-10-10,50.942970275878906,51.00055129243273,49.95586220392323,50.01344322047706,4470600,MPC
2019-10-11,52.16863250732422,52.72799370331609,51.239108490454825,51.749113179295506,8368500,MPC
2019-10-14,51.93830490112305,52.42363287250473,51.37071922798725,51.6010433032429,3811400,MPC
2019-10-15,52.68687057495117,53.10638678565124,51.26378769254544,51.78202006032606,4926300,MPC
2019-10-16,51.568153381347656,52.777364528220836,51.50234782913689,52.44009969814055,4325600,MPC
2019-10-17,52.727989196777344,53.80558578093102,51.880722959643414,52.06169366580022,7049100,MPC
2019-10-18,53.58348846435547,53.912525574402835,52.46476605571096,52.563479071483435,12749000,MPC
2019-10-21,53.196876525878906,54.33205437394848,53.196876525878906,53.83849551346869,4631300,MPC
2019-10-22,53.61640167236328,54.19221200330311,53.35317319595337,53.50123960617531,3468800,MPC
2019-10-23,54.183990478515625,54.258020545496606,53.254460020675076,53.54236518537095,5908200,MPC
2019-10-24,54.57881546020508,54.92430156545995,53.79735789700572,54.49655776026729,4898400,MPC
2019-10-25,55.94431686401367,56.34738398491307,54.0852627300443,54.57881520320726,6248200,MPC
2019-10-28,55.590599060058594,56.42140992364424,55.29446634255053,56.17463684296068,4748700,MPC
2019-10-29,55.95254135131836,57.29336640438331,55.615282881654906,55.74689395307999,7274800,MPC
2019-10-30,54.447208404541016,56.668197845698735,53.61639113951594,56.50368243370953,6873400,MPC
2019-10-31,52.60460662841797,55.06415096364193,50.49055156401631,54.78446723044794,15931500,MPC
2019-11-01,54.67753601074219,54.973668792070555,53.246231751562476,53.34493849476454,7377500,MPC
2019-11-04,55.88675308227539,56.347401362510546,54.88319252102413,55.04770797086179,6145100,MPC
2019-11-05,54.652862548828125,56.53659374500593,54.38963409166004,56.11707123406692,7018500,MPC
2019-11-06,52.876060485839844,54.29914330909884,52.71154506995524,54.29091565554636,5081400,MPC
2019-11-07,54.49656677246094,54.965442643091436,53.41074863648183,53.55881503119994,5980300,MPC
2019-11-08,54.48011016845703,54.66930225572107,53.36138784736922,54.18397742017729,4488100,MPC
2019-11-11,54.0523681640625,54.66108278178256,53.517683606559416,53.830271707550224,2254900,MPC
2019-11-12,53.38606262207031,54.48832959781836,52.98299550304336,54.23332884763847,5518500,MPC
2019-11-13,52.851383209228516,53.38606771865745,52.44831291379172,52.89251520066949,4325600,MPC
2019-11-14,53.01591491699219,53.6410849790402,52.777369376075214,53.04881926508553,4440400,MPC
2019-11-15,53.21332931518555,53.7068818764323,52.95832224245003,53.4025214303305,4468100,MPC
2019-11-18,53.089942932128906,53.25445837089803,52.54703382557058,53.06526624389971,3310700,MPC
2019-11-19,51.29842758178711,52.990405622429186,51.190607778152305,52.89917104711334,4757000,MPC
2019-11-20,51.2569580078125,51.5472501249982,49.61474514948233,51.21548860933234,8599600,MPC
2019-11-21,52.451297760009766,52.51764816584162,51.37307439905296,51.47260475366926,3842000,MPC
2019-11-22,51.72142028808594,52.74158261418441,51.63847833235917,52.54252508435227,2379300,MPC
2019-11-25,51.77947998046875,52.302003247082325,51.51407204020108,51.80436098614628,6855800,MPC
2019-11-26,51.149139404296875,51.961954870630336,50.925204000617065,51.845836115502294,9866700,MPC
2019-11-27,50.98326110839844,51.638485244833504,50.55197237262202,51.364784664077085,4197100,MPC
2019-11-29,50.294857025146484,50.9998495056455,50.08750685392546,50.79249933442447,3545100,MPC
2019-12-02,50.48561477661133,51.02472644435513,50.16214904152995,50.49391055458957,4327700,MPC
2019-12-03,49.788917541503906,50.12067905064005,49.13369346502398,49.838682717047995,5006900,MPC
2019-12-04,49.788917541503906,50.585144530648215,49.74744814383995,50.469025787712,3884100,MPC
2019-12-05,49.63962936401367,50.046037088774995,49.44057497287904,49.896744713467776,3205200,MPC
2019-12-06,49.92992401123047,50.59344395490572,49.86357043490662,49.987981808557514,3970100,MPC
2019-12-09,48.461883544921875,49.55669222463768,48.271121762053035,49.02587627858306,5609600,MPC
